Date,Price
7-Jan-97,3.82
8-Jan-97,3.8
9-Jan-97,3.61
10-Jan-97,3.92
13-Jan-97,4
14-Jan-97,4.01
15-Jan-97,4.34
16-Jan-97,4.71
17-Jan-97,3.91
20-Jan-97,3.26
21-Jan-97,2.99
22-Jan-97,3.05
23-Jan-97,2.96
24-Jan-97,2.62
27-Jan-97,2.98
28-Jan-97,3.05
29-Jan-97,2.91
30-Jan-97,2.86
31-Jan-97,2.77
3-Feb-97,2.49
4-Feb-97,2.59
5-Feb-97,2.65
6-Feb-97,2.51
7-Feb-97,2.39
10-Feb-97,2.42
11-Feb-97,2.34
12-Feb-97,2.42
13-Feb-97,2.22
14-Feb-97,2.12
18-Feb-97,1.84
19-Feb-97,1.95
20-Feb-97,1.92
21-Feb-97,1.92
24-Feb-97,1.92
25-Feb-97,1.77
26-Feb-97,1.81
27-Feb-97,1.8
28-Feb-97,1.78
3-Mar-97,1.8
4-Mar-97,1.87
5-Mar-97,1.92
6-Mar-97,1.82
7-Mar-97,1.89
10-Mar-97,1.95
11-Mar-97,1.92
12-Mar-97,1.96
13-Mar-97,1.98
14-Mar-97,1.97
17-Mar-97,2.01
18-Mar-97,1.91
19-Mar-97,1.88
20-Mar-97,1.88
21-Mar-97,1.87
24-Mar-97,1.8
25-Mar-97,1.85
26-Mar-97,1.85
27-Mar-97,1.84
31-Mar-97,1.84
1-Apr-97,1.95
2-Apr-97,1.85
3-Apr-97,1.87
4-Apr-97,1.91
7-Apr-97,1.99
8-Apr-97,2.01
9-Apr-97,1.96
10-Apr-97,1.97
11-Apr-97,1.98
14-Apr-97,2
15-Apr-97,2
16-Apr-97,2.02
17-Apr-97,2.08
18-Apr-97,2.1
21-Apr-97,2.09
22-Apr-97,2.1
23-Apr-97,2.22
24-Apr-97,2.11
25-Apr-97,2.16
28-Apr-97,2.1
29-Apr-97,2.09
30-Apr-97,2.16
1-May-97,2.19
2-May-97,2.21
5-May-97,2.23
6-May-97,2.25
7-May-97,2.34
8-May-97,2.33
9-May-97,2.3
12-May-97,2.27
13-May-97,2.18
14-May-97,2.22
15-May-97,2.25
16-May-97,2.19
19-May-97,2.25
20-May-97,2.22
21-May-97,2.21
22-May-97,2.22
23-May-97,2.2
27-May-97,2.29
28-May-97,2.34
29-May-97,2.29
30-May-97,2.23
2-Jun-97,2.2
3-Jun-97,2.11
4-Jun-97,2.19
5-Jun-97,2.18
6-Jun-97,2.19
9-Jun-97,2.19
10-Jun-97,2.16
11-Jun-97,2.16
12-Jun-97,2.14
13-Jun-97,2.15
16-Jun-97,2.2
17-Jun-97,2.2
18-Jun-97,2.22
19-Jun-97,2.23
20-Jun-97,2.25
23-Jun-97,2.29
24-Jun-97,2.32
25-Jun-97,2.32
26-Jun-97,2.23
27-Jun-97,2.17
30-Jun-97,2.17
1-Jul-97,2.16
2-Jul-97,2.14
3-Jul-97,2.11
7-Jul-97,2.13
8-Jul-97,2.13
9-Jul-97,2.16
10-Jul-97,2.15
11-Jul-97,2.16
14-Jul-97,2.18
15-Jul-97,2.21
16-Jul-97,2.24
17-Jul-97,2.29
18-Jul-97,2.26
21-Jul-97,2.17
22-Jul-97,2.18
23-Jul-97,2.2
24-Jul-97,2.24
25-Jul-97,2.22
28-Jul-97,2.19
29-Jul-97,2.23
30-Jul-97,2.19
31-Jul-97,2.23
1-Aug-97,2.24
4-Aug-97,2.26
5-Aug-97,2.33
6-Aug-97,2.38
7-Aug-97,2.5
8-Aug-97,2.38
11-Aug-97,2.53
12-Aug-97,2.56
13-Aug-97,2.45
14-Aug-97,2.57
15-Aug-97,2.53
18-Aug-97,2.56
19-Aug-97,2.61
20-Aug-97,2.62
21-Aug-97,2.45
22-Aug-97,2.47
25-Aug-97,2.53
26-Aug-97,2.58
27-Aug-97,2.51
28-Aug-97,2.57
29-Aug-97,2.69
2-Sep-97,2.82
3-Sep-97,2.86
4-Sep-97,2.73
5-Sep-97,2.67
8-Sep-97,2.67
9-Sep-97,2.74
10-Sep-97,2.74
11-Sep-97,2.78
12-Sep-97,2.86
15-Sep-97,2.88
16-Sep-97,2.83
17-Sep-97,2.75
18-Sep-97,2.84
19-Sep-97,2.94
22-Sep-97,2.98
23-Sep-97,3.09
24-Sep-97,3.03
25-Sep-97,3.05
26-Sep-97,3.24
29-Sep-97,3.09
30-Sep-97,2.96
1-Oct-97,3.08
2-Oct-97,2.97
3-Oct-97,2.91
6-Oct-97,2.96
7-Oct-97,2.81
8-Oct-97,2.8
9-Oct-97,2.8
10-Oct-97,2.78
13-Oct-97,2.87
14-Oct-97,2.84
15-Oct-97,2.84
16-Oct-97,2.94
17-Oct-97,2.97
20-Oct-97,3.05
21-Oct-97,3.13
22-Oct-97,3.24
23-Oct-97,3.34
24-Oct-97,3.29
27-Oct-97,3.46
28-Oct-97,3.61
29-Oct-97,3.45
30-Oct-97,3.34
31-Oct-97,3.22
3-Nov-97,3.23
4-Nov-97,3.15
5-Nov-97,3.18
6-Nov-97,3.2
7-Nov-97,3.05
10-Nov-97,3.2
11-Nov-97,3.26
12-Nov-97,3.28
13-Nov-97,3.27
14-Nov-97,3.25
17-Nov-97,3.1
18-Nov-97,3
19-Nov-97,2.97
20-Nov-97,2.77
21-Nov-97,2.59
24-Nov-97,2.63
25-Nov-97,2.51
26-Nov-97,2.5
1-Dec-97,2.52
2-Dec-97,2.61
3-Dec-97,2.53
4-Dec-97,2.48
5-Dec-97,2.42
8-Dec-97,2.3
9-Dec-97,2.35
10-Dec-97,2.45
11-Dec-97,2.3
12-Dec-97,2.3
15-Dec-97,2.25
16-Dec-97,2.29
17-Dec-97,2.38
18-Dec-97,2.37
19-Dec-97,2.39
22-Dec-97,2.36
23-Dec-97,2.24
24-Dec-97,2.06
26-Dec-97,2.18
29-Dec-97,2.33
30-Dec-97,2.27
31-Dec-97,2.27
2-Jan-98,2.16
5-Jan-98,2.05
6-Jan-98,2.16
7-Jan-98,2.13
8-Jan-98,2.11
9-Jan-98,2.09
12-Jan-98,2.01
13-Jan-98,2.03
14-Jan-98,2.05
15-Jan-98,2.07
16-Jan-98,2.11
20-Jan-98,2.12
21-Jan-98,2.09
22-Jan-98,2.1
23-Jan-98,2.14
26-Jan-98,2.09
27-Jan-98,2.06
28-Jan-98,2.09
29-Jan-98,2.07
30-Jan-98,2.09
2-Feb-98,2.23
3-Feb-98,2.27
4-Feb-98,2.23
5-Feb-98,2.31
6-Feb-98,2.35
9-Feb-98,2.25
10-Feb-98,2.18
11-Feb-98,2.21
12-Feb-98,2.2
13-Feb-98,2.22
17-Feb-98,2.18
18-Feb-98,2.19
19-Feb-98,2.22
20-Feb-98,2.2
23-Feb-98,2.2
24-Feb-98,2.19
25-Feb-98,2.21
26-Feb-98,2.28
27-Feb-98,2.23
2-Mar-98,2.26
3-Mar-98,2.24
4-Mar-98,2.19
5-Mar-98,2.12
6-Mar-98,2.1
9-Mar-98,2.17
10-Mar-98,2.25
11-Mar-98,2.25
12-Mar-98,2.23
13-Mar-98,2.21
16-Mar-98,2.2
17-Mar-98,2.2
18-Mar-98,2.21
19-Mar-98,2.25
20-Mar-98,2.28
23-Mar-98,2.33
24-Mar-98,2.29
25-Mar-98,2.33
26-Mar-98,2.29
27-Mar-98,2.26
30-Mar-98,2.32
31-Mar-98,2.34
1-Apr-98,2.45
2-Apr-98,2.43
3-Apr-98,2.51
6-Apr-98,2.51
7-Apr-98,2.51
8-Apr-98,2.65
9-Apr-98,2.61
13-Apr-98,2.52
14-Apr-98,2.42
15-Apr-98,2.48
16-Apr-98,2.48
17-Apr-98,2.4
20-Apr-98,2.4
21-Apr-98,2.46
22-Apr-98,2.46
23-Apr-98,2.35
24-Apr-98,2.31
27-Apr-98,2.29
28-Apr-98,2.27
29-Apr-98,2.29
30-Apr-98,2.18
1-May-98,2.11
4-May-98,2.1
5-May-98,2.19
6-May-98,2.12
7-May-98,2.16
8-May-98,2.11
11-May-98,2.19
12-May-98,2.23
13-May-98,2.24
14-May-98,2.18
15-May-98,2.18
18-May-98,2.19
19-May-98,2.17
20-May-98,2.18
21-May-98,2.11
22-May-98,2.02
26-May-98,2.1
27-May-98,2.1
28-May-98,2.04
29-May-98,2.1
1-Jun-98,2.1
2-Jun-98,2.2
3-Jun-98,2.13
4-Jun-98,2.04
5-Jun-98,2.01
8-Jun-98,2
9-Jun-98,2.01
10-Jun-98,1.98
11-Jun-98,1.99
12-Jun-98,2.01
15-Jun-98,2.08
16-Jun-98,2.1
17-Jun-98,2.05
18-Jun-98,2.14
19-Jun-98,2.2
22-Jun-98,2.35
23-Jun-98,2.35
24-Jun-98,2.4
25-Jun-98,2.39
26-Jun-98,2.4
29-Jun-98,2.36
30-Jun-98,2.39
1-Jul-98,2.46
2-Jul-98,2.36
6-Jul-98,2.38
7-Jul-98,2.35
8-Jul-98,2.39
9-Jul-98,2.38
10-Jul-98,2.32
13-Jul-98,2.3
14-Jul-98,2.23
15-Jul-98,2.21
16-Jul-98,2.15
17-Jul-98,2.15
20-Jul-98,2.18
21-Jul-98,2.09
22-Jul-98,2
23-Jul-98,2
24-Jul-98,1.97
27-Jul-98,2
28-Jul-98,1.97
29-Jul-98,1.99
30-Jul-98,1.95
31-Jul-98,1.85
3-Aug-98,1.84
4-Aug-98,1.9
5-Aug-98,1.91
6-Aug-98,1.85
7-Aug-98,1.82
10-Aug-98,1.87
11-Aug-98,1.87
12-Aug-98,1.85
13-Aug-98,1.83
14-Aug-98,1.83
17-Aug-98,1.93
18-Aug-98,1.94
19-Aug-98,1.96
20-Aug-98,1.9
21-Aug-98,1.93
24-Aug-98,1.9
25-Aug-98,1.89
26-Aug-98,1.83
27-Aug-98,1.76
28-Aug-98,1.66
31-Aug-98,1.61
1-Sep-98,1.84
2-Sep-98,1.72
3-Sep-98,1.71
4-Sep-98,1.71
8-Sep-98,1.81
9-Sep-98,1.78
10-Sep-98,1.88
11-Sep-98,1.86
14-Sep-98,1.86
15-Sep-98,1.94
16-Sep-98,2.15
17-Sep-98,2.12
18-Sep-98,2.27
21-Sep-98,2.18
22-Sep-98,2.29
23-Sep-98,2.19
24-Sep-98,2.17
25-Sep-98,2.38
28-Sep-98,2.23
29-Sep-98,2.06
30-Sep-98,2.22
1-Oct-98,2.33
2-Oct-98,2.14
5-Oct-98,2.09
6-Oct-98,2.01
7-Oct-98,2.05
8-Oct-98,2.02
9-Oct-98,1.8
12-Oct-98,1.75
13-Oct-98,1.7
14-Oct-98,1.8
15-Oct-98,1.75
16-Oct-98,1.64
19-Oct-98,1.74
20-Oct-98,1.95
21-Oct-98,2.04
22-Oct-98,1.95
23-Oct-98,1.84
26-Oct-98,1.92
27-Oct-98,1.85
28-Oct-98,1.7
29-Oct-98,2
30-Oct-98,2
2-Nov-98,1.84
3-Nov-98,2.1
4-Nov-98,2.11
5-Nov-98,2.26
6-Nov-98,2.25
9-Nov-98,2.28
10-Nov-98,2.3
11-Nov-98,2.33
12-Nov-98,2.21
13-Nov-98,2.21
16-Nov-98,2.19
17-Nov-98,2.12
18-Nov-98,2.1
19-Nov-98,2.1
20-Nov-98,2.07
23-Nov-98,2.02
24-Nov-98,2.08
25-Nov-98,2.13
30-Nov-98,1.63
1-Dec-98,1.41
2-Dec-98,1.4
3-Dec-98,1.21
4-Dec-98,1.05
7-Dec-98,1.44
8-Dec-98,1.79
9-Dec-98,1.64
10-Dec-98,1.59
11-Dec-98,1.55
14-Dec-98,1.8
15-Dec-98,1.86
16-Dec-98,1.95
17-Dec-98,2.02
18-Dec-98,2.02
21-Dec-98,2.05
22-Dec-98,1.96
23-Dec-98,1.88
24-Dec-98,1.89
28-Dec-98,1.79
29-Dec-98,1.82
30-Dec-98,1.81
31-Dec-98,1.95
4-Jan-99,2.1
5-Jan-99,2.05
6-Jan-99,2.04
7-Jan-99,1.91
8-Jan-99,1.9
11-Jan-99,1.83
12-Jan-99,1.82
13-Jan-99,1.87
14-Jan-99,1.77
15-Jan-99,1.78
19-Jan-99,1.77
20-Jan-99,1.81
21-Jan-99,1.85
22-Jan-99,1.82
25-Jan-99,1.76
26-Jan-99,1.73
27-Jan-99,1.75
28-Jan-99,1.75
29-Jan-99,1.83
1-Feb-99,1.75
2-Feb-99,1.78
3-Feb-99,1.8
4-Feb-99,1.79
5-Feb-99,1.81
8-Feb-99,1.81
9-Feb-99,1.82
10-Feb-99,1.8
11-Feb-99,1.78
12-Feb-99,1.82
16-Feb-99,1.79
17-Feb-99,1.79
18-Feb-99,1.8
19-Feb-99,1.79
22-Feb-99,1.77
23-Feb-99,1.75
24-Feb-99,1.73
25-Feb-99,1.64
26-Feb-99,1.63
1-Mar-99,1.65
2-Mar-99,1.67
3-Mar-99,1.68
4-Mar-99,1.72
5-Mar-99,1.74
8-Mar-99,1.87
9-Mar-99,1.86
10-Mar-99,1.94
11-Mar-99,1.87
12-Mar-99,1.81
15-Mar-99,1.75
16-Mar-99,1.75
17-Mar-99,1.75
18-Mar-99,1.75
19-Mar-99,1.73
22-Mar-99,1.74
23-Mar-99,1.8
24-Mar-99,1.79
25-Mar-99,1.8
26-Mar-99,1.83
29-Mar-99,1.8
30-Mar-99,1.89
31-Mar-99,2.02
1-Apr-99,1.95
5-Apr-99,2.03
6-Apr-99,1.98
7-Apr-99,2.03
8-Apr-99,2.07
9-Apr-99,2.1
12-Apr-99,2.06
13-Apr-99,2.14
14-Apr-99,2.11
15-Apr-99,2.14
16-Apr-99,2.14
19-Apr-99,2.1
20-Apr-99,2.18
21-Apr-99,2.17
22-Apr-99,2.24
23-Apr-99,2.23
26-Apr-99,2.23
27-Apr-99,2.32
28-Apr-99,2.31
29-Apr-99,2.37
30-Apr-99,2.25
3-May-99,2.23
4-May-99,2.32
5-May-99,2.36
6-May-99,2.32
7-May-99,2.25
10-May-99,2.25
11-May-99,2.29
12-May-99,2.19
13-May-99,2.21
14-May-99,2.28
17-May-99,2.31
18-May-99,2.3
19-May-99,2.27
20-May-99,2.26
21-May-99,2.21
24-May-99,2.19
25-May-99,2.18
26-May-99,2.22
27-May-99,2.27
28-May-99,2.29
1-Jun-99,2.34
2-Jun-99,2.36
3-Jun-99,2.35
4-Jun-99,2.31
7-Jun-99,2.41
8-Jun-99,2.38
9-Jun-99,2.39
10-Jun-99,2.37
11-Jun-99,2.3
14-Jun-99,2.29
15-Jun-99,2.28
16-Jun-99,2.28
17-Jun-99,2.24
18-Jun-99,2.24
21-Jun-99,2.22
22-Jun-99,2.23
23-Jun-99,2.25
24-Jun-99,2.26
25-Jun-99,2.27
28-Jun-99,2.25
29-Jun-99,2.33
30-Jun-99,2.34
1-Jul-99,2.29
2-Jul-99,2.26
6-Jul-99,2.29
7-Jul-99,2.2
8-Jul-99,2.19
9-Jul-99,2.17
12-Jul-99,2.12
13-Jul-99,2.14
14-Jul-99,2.16
15-Jul-99,2.12
16-Jul-99,2.18
19-Jul-99,2.2
20-Jul-99,2.24
21-Jul-99,2.25
22-Jul-99,2.32
23-Jul-99,2.42
26-Jul-99,2.55
27-Jul-99,2.55
28-Jul-99,2.58
29-Jul-99,2.67
30-Jul-99,2.55
2-Aug-99,2.51
3-Aug-99,2.61
4-Aug-99,2.64
5-Aug-99,2.69
6-Aug-99,2.69
9-Aug-99,2.73
10-Aug-99,2.77
11-Aug-99,2.79
12-Aug-99,2.73
13-Aug-99,2.71
16-Aug-99,2.73
17-Aug-99,2.7
18-Aug-99,2.75
19-Aug-99,2.87
20-Aug-99,2.97
23-Aug-99,2.95
24-Aug-99,3.01
25-Aug-99,3.1
26-Aug-99,2.97
27-Aug-99,2.87
30-Aug-99,2.85
31-Aug-99,2.84
1-Sep-99,2.71
2-Sep-99,2.56
3-Sep-99,2.47
7-Sep-99,2.56
8-Sep-99,2.66
9-Sep-99,2.75
10-Sep-99,2.84
13-Sep-99,2.8
14-Sep-99,2.66
15-Sep-99,2.52
16-Sep-99,2.47
17-Sep-99,2.45
20-Sep-99,2.49
21-Sep-99,2.33
22-Sep-99,2.3
23-Sep-99,2.45
24-Sep-99,2.54
27-Sep-99,2.51
28-Sep-99,2.52
29-Sep-99,2.57
30-Sep-99,2.31
1-Oct-99,2.39
4-Oct-99,2.49
5-Oct-99,2.45
6-Oct-99,2.48
7-Oct-99,2.49
8-Oct-99,2.35
11-Oct-99,2.53
12-Oct-99,2.65
13-Oct-99,2.81
14-Oct-99,2.7
15-Oct-99,2.66
18-Oct-99,2.82
19-Oct-99,2.89
20-Oct-99,2.9
21-Oct-99,2.99
22-Oct-99,3
25-Oct-99,2.98
26-Oct-99,2.96
27-Oct-99,3.02
28-Oct-99,2.97
29-Oct-99,2.76
1-Nov-99,2.73
2-Nov-99,2.81
3-Nov-99,2.82
4-Nov-99,2.75
5-Nov-99,2.62
8-Nov-99,2.59
9-Nov-99,2.44
10-Nov-99,2.39
11-Nov-99,2.38
12-Nov-99,2.16
15-Nov-99,2.33
16-Nov-99,2.23
17-Nov-99,2.24
18-Nov-99,2.22
19-Nov-99,2.16
22-Nov-99,2.05
23-Nov-99,1.99
24-Nov-99,1.96
29-Nov-99,2.25
30-Nov-99,2.22
1-Dec-99,2.17
2-Dec-99,2.18
3-Dec-99,2.16
6-Dec-99,2.19
7-Dec-99,2.16
8-Dec-99,2.23
9-Dec-99,2.2
10-Dec-99,2.27
13-Dec-99,2.35
14-Dec-99,2.49
15-Dec-99,2.54
16-Dec-99,2.52
17-Dec-99,2.55
20-Dec-99,2.67
21-Dec-99,2.59
22-Dec-99,2.45
23-Dec-99,2.42
27-Dec-99,2.36
28-Dec-99,2.32
29-Dec-99,2.34
30-Dec-99,2.3
4-Jan-00,2.16
5-Jan-00,2.17
6-Jan-00,2.18
7-Jan-00,2.19
10-Jan-00,2.2
11-Jan-00,2.23
12-Jan-00,2.25
13-Jan-00,2.29
14-Jan-00,2.28
18-Jan-00,2.35
19-Jan-00,2.4
20-Jan-00,2.53
21-Jan-00,2.55
24-Jan-00,2.55
25-Jan-00,2.66
26-Jan-00,2.73
27-Jan-00,2.76
28-Jan-00,2.84
31-Jan-00,2.69
1-Feb-00,2.81
2-Feb-00,2.91
3-Feb-00,2.85
4-Feb-00,2.78
7-Feb-00,2.81
8-Feb-00,2.6
9-Feb-00,2.62
10-Feb-00,2.65
11-Feb-00,2.65
14-Feb-00,2.61
15-Feb-00,2.61
16-Feb-00,2.65
17-Feb-00,2.66
18-Feb-00,2.65
22-Feb-00,2.55
23-Feb-00,2.5
24-Feb-00,2.52
25-Feb-00,2.51
28-Feb-00,2.6
29-Feb-00,2.65
1-Mar-00,2.71
2-Mar-00,2.8
3-Mar-00,2.72
6-Mar-00,2.76
7-Mar-00,2.78
8-Mar-00,2.74
9-Mar-00,2.69
13-Mar-00,2.79
14-Mar-00,2.83
15-Mar-00,2.76
16-Mar-00,2.84
17-Mar-00,2.81
20-Mar-00,2.73
21-Mar-00,2.74
22-Mar-00,2.78
23-Mar-00,2.76
24-Mar-00,2.82
27-Mar-00,2.82
28-Mar-00,2.94
29-Mar-00,2.92
30-Mar-00,2.83
31-Mar-00,2.88
3-Apr-00,2.92
4-Apr-00,2.87
5-Apr-00,2.86
6-Apr-00,2.98
7-Apr-00,2.99
10-Apr-00,2.97
11-Apr-00,2.98
12-Apr-00,3.05
13-Apr-00,3.05
14-Apr-00,3.11
17-Apr-00,3.13
18-Apr-00,3.12
19-Apr-00,3.12
20-Apr-00,3.07
24-Apr-00,3.12
25-Apr-00,3.18
26-Apr-00,3.12
27-Apr-00,3.06
28-Apr-00,3.09
1-May-00,3.16
2-May-00,3.2
3-May-00,3.18
4-May-00,3.09
5-May-00,3.11
8-May-00,3.12
9-May-00,3.25
10-May-00,3.2
11-May-00,3.37
12-May-00,3.35
15-May-00,3.37
16-May-00,3.45
17-May-00,3.49
18-May-00,3.73
19-May-00,3.76
22-May-00,3.95
23-May-00,3.85
24-May-00,3.94
25-May-00,4.18
26-May-00,4.29
30-May-00,4.35
31-May-00,4.52
1-Jun-00,4.39
2-Jun-00,4.21
5-Jun-00,4.17
6-Jun-00,4.48
7-Jun-00,4.23
8-Jun-00,3.96
9-Jun-00,4.14
12-Jun-00,4.22
13-Jun-00,4.27
14-Jun-00,4.16
15-Jun-00,4.38
16-Jun-00,4.45
19-Jun-00,4.38
20-Jun-00,4.02
21-Jun-00,4.14
22-Jun-00,4.44
23-Jun-00,4.42
26-Jun-00,4.37
27-Jun-00,4.55
28-Jun-00,4.44
29-Jun-00,4.25
30-Jun-00,4.36
3-Jul-00,4.36
5-Jul-00,4.24
6-Jul-00,4.02
7-Jul-00,4
10-Jul-00,4.19
11-Jul-00,4.17
12-Jul-00,4.29
13-Jul-00,4.08
14-Jul-00,4.17
17-Jul-00,4.13
18-Jul-00,3.99
19-Jul-00,4.07
20-Jul-00,3.86
21-Jul-00,3.88
24-Jul-00,3.74
25-Jul-00,3.63
26-Jul-00,3.59
27-Jul-00,3.75
28-Jul-00,3.89
31-Jul-00,3.75
1-Aug-00,3.78
2-Aug-00,4.05
3-Aug-00,4.23
4-Aug-00,4.25
7-Aug-00,4.39
8-Aug-00,4.46
9-Aug-00,4.48
10-Aug-00,4.43
11-Aug-00,4.44
14-Aug-00,4.42
15-Aug-00,4.24
16-Aug-00,4.24
17-Aug-00,4.35
18-Aug-00,4.38
21-Aug-00,4.6
22-Aug-00,4.8
23-Aug-00,4.67
24-Aug-00,4.53
25-Aug-00,4.55
28-Aug-00,4.62
29-Aug-00,4.6
30-Aug-00,4.61
31-Aug-00,4.76
1-Sep-00,4.7
5-Sep-00,4.81
6-Sep-00,4.89
7-Sep-00,4.85
8-Sep-00,4.74
11-Sep-00,4.85
12-Sep-00,4.96
13-Sep-00,5.06
14-Sep-00,5.1
15-Sep-00,5.28
18-Sep-00,5.06
19-Sep-00,5.22
20-Sep-00,5.24
21-Sep-00,5.16
22-Sep-00,5.16
25-Sep-00,5.12
26-Sep-00,5.28
27-Sep-00,5.34
28-Sep-00,5.2
29-Sep-00,5.1
2-Oct-00,5.24
3-Oct-00,5.29
4-Oct-00,5.22
5-Oct-00,5.21
6-Oct-00,5.04
9-Oct-00,5.09
10-Oct-00,5.16
11-Oct-00,5.1
12-Oct-00,5.54
13-Oct-00,5.43
16-Oct-00,5.34
17-Oct-00,5.27
18-Oct-00,5.36
19-Oct-00,5.04
20-Oct-00,4.84
23-Oct-00,4.82
24-Oct-00,4.84
25-Oct-00,4.64
26-Oct-00,4.61
27-Oct-00,4.48
30-Oct-00,4.56
31-Oct-00,4.37
1-Nov-00,4.4
2-Nov-00,4.5
3-Nov-00,4.64
6-Nov-00,4.6
7-Nov-00,4.68
8-Nov-00,4.92
9-Nov-00,5.34
10-Nov-00,5.24
13-Nov-00,5.59
14-Nov-00,5.81
15-Nov-00,5.95
16-Nov-00,5.94
17-Nov-00,5.62
20-Nov-00,6.23
21-Nov-00,6.35
22-Nov-00,6.3
27-Nov-00,6.24
28-Nov-00,5.9
29-Nov-00,5.93
30-Nov-00,6.31
1-Dec-00,6.53
4-Dec-00,7.41
5-Dec-00,8.03
6-Dec-00,8.75
7-Dec-00,8.48
8-Dec-00,8.13
11-Dec-00,9.96
12-Dec-00,8.58
13-Dec-00,7.8
14-Dec-00,7.48
15-Dec-00,8.03
18-Dec-00,9.28
19-Dec-00,9.11
20-Dec-00,9.95
21-Dec-00,10.49
22-Dec-00,10.48
26-Dec-00,10.23
27-Dec-00,9.58
28-Dec-00,9.22
29-Dec-00,10.48
2-Jan-01,9.97
3-Jan-01,9.71
4-Jan-01,9.45
5-Jan-01,10.03
8-Jan-01,10.31
9-Jan-01,9.95
10-Jan-01,9.91
11-Jan-01,8.95
12-Jan-01,8.75
16-Jan-01,8.16
17-Jan-01,7.85
18-Jan-01,7.09
19-Jan-01,7.61
22-Jan-01,7.7
23-Jan-01,7.02
24-Jan-01,6.81
25-Jan-01,6.81
26-Jan-01,7
29-Jan-01,6.76
30-Jan-01,5.96
31-Jan-01,5.83
1-Feb-01,5.82
2-Feb-01,6.76
5-Feb-01,6.15
6-Feb-01,5.59
7-Feb-01,5.67
8-Feb-01,6.24
9-Feb-01,6.24
12-Feb-01,5.74
13-Feb-01,5.58
14-Feb-01,5.89
15-Feb-01,5.35
16-Feb-01,5.57
20-Feb-01,5.17
21-Feb-01,5.2
22-Feb-01,5.11
23-Feb-01,5.05
26-Feb-01,5.07
27-Feb-01,5.07
28-Feb-01,5.25
1-Mar-01,5.25
2-Mar-01,5.06
5-Mar-01,5.32
6-Mar-01,5.27
7-Mar-01,5.22
8-Mar-01,5.25
9-Mar-01,5.13
12-Mar-01,4.98
13-Mar-01,5.08
14-Mar-01,4.99
15-Mar-01,5.27
16-Mar-01,5.27
19-Mar-01,5.27
20-Mar-01,5.27
21-Mar-01,5.16
22-Mar-01,5.16
23-Mar-01,5.16
26-Mar-01,5.23
27-Mar-01,5.47
28-Mar-01,5.6
29-Mar-01,5.31
30-Mar-01,5.35
2-Apr-01,5.25
3-Apr-01,5.25
4-Apr-01,5.24
5-Apr-01,5.27
6-Apr-01,5.33
9-Apr-01,5.45
10-Apr-01,5.55
11-Apr-01,5.45
12-Apr-01,5.32
16-Apr-01,5.48
17-Apr-01,5.36
18-Apr-01,5.15
19-Apr-01,5.06
20-Apr-01,5
23-Apr-01,5.09
24-Apr-01,5.13
25-Apr-01,4.98
26-Apr-01,4.92
27-Apr-01,4.83
30-Apr-01,4.73
1-May-01,4.55
2-May-01,4.54
3-May-01,4.46
4-May-01,4.5
7-May-01,4.33
8-May-01,4.22
9-May-01,4.15
10-May-01,4.17
11-May-01,4.25
14-May-01,4.28
15-May-01,4.46
16-May-01,4.46
17-May-01,4.2
18-May-01,4.15
21-May-01,4.14
22-May-01,4.04
23-May-01,4.11
24-May-01,4.12
25-May-01,3.83
29-May-01,3.86
30-May-01,3.66
31-May-01,3.73
1-Jun-01,3.7
4-Jun-01,3.98
5-Jun-01,3.93
6-Jun-01,3.76
7-Jun-01,3.68
8-Jun-01,3.62
11-Jun-01,3.91
12-Jun-01,4.05
13-Jun-01,4.13
14-Jun-01,3.92
15-Jun-01,3.86
18-Jun-01,3.91
19-Jun-01,3.96
20-Jun-01,3.83
21-Jun-01,3.69
22-Jun-01,3.68
25-Jun-01,3.56
26-Jun-01,3.46
27-Jun-01,3.39
28-Jun-01,3.2
29-Jun-01,2.91
2-Jul-01,2.92
3-Jul-01,3
5-Jul-01,3.09
6-Jul-01,2.99
9-Jul-01,3.1
10-Jul-01,3.2
11-Jul-01,3.21
12-Jul-01,3.29
13-Jul-01,3.15
16-Jul-01,3.08
17-Jul-01,3.14
18-Jul-01,3.15
19-Jul-01,3.01
20-Jul-01,2.97
23-Jul-01,3.02
24-Jul-01,3
25-Jul-01,3.06
26-Jul-01,3.26
27-Jul-01,3.06
30-Jul-01,3.28
31-Jul-01,3.31
1-Aug-01,3.27
2-Aug-01,3.15
3-Aug-01,3.06
6-Aug-01,3.07
7-Aug-01,3.16
8-Aug-01,3.11
9-Aug-01,3.1
10-Aug-01,2.99
13-Aug-01,3
14-Aug-01,3.05
15-Aug-01,3.15
16-Aug-01,3.46
17-Aug-01,3.24
20-Aug-01,3.17
21-Aug-01,3.18
22-Aug-01,3.2
23-Aug-01,2.87
24-Aug-01,2.77
27-Aug-01,2.61
28-Aug-01,2.57
29-Aug-01,2.46
30-Aug-01,2.47
31-Aug-01,2.15
4-Sep-01,2.23
5-Sep-01,2.34
6-Sep-01,2.43
7-Sep-01,2.36
10-Sep-01,2.38
11-Sep-01,2.38
12-Sep-01,2.44
13-Sep-01,2.39
14-Sep-01,2.41
17-Sep-01,2.36
18-Sep-01,2.18
19-Sep-01,2.13
20-Sep-01,2.06
21-Sep-01,2.04
24-Sep-01,1.99
25-Sep-01,1.94
26-Sep-01,1.88
27-Sep-01,1.9
28-Sep-01,1.8
1-Oct-01,1.74
2-Oct-01,1.83
3-Oct-01,1.97
4-Oct-01,2.13
5-Oct-01,2.11
8-Oct-01,2.02
9-Oct-01,2.11
10-Oct-01,2.22
11-Oct-01,2.41
12-Oct-01,2.28
15-Oct-01,2.26
16-Oct-01,2.51
17-Oct-01,2.61
18-Oct-01,2.39
19-Oct-01,2.31
22-Oct-01,2.61
23-Oct-01,2.82
24-Oct-01,2.67
25-Oct-01,3.15
26-Oct-01,3.06
29-Oct-01,3.21
30-Oct-01,3.11
31-Oct-01,3.07
1-Nov-01,2.99
2-Nov-01,2.93
5-Nov-01,2.87
6-Nov-01,2.72
7-Nov-01,2.73
8-Nov-01,2.68
9-Nov-01,2.61
12-Nov-01,2.45
13-Nov-01,2.38
14-Nov-01,2.29
15-Nov-01,1.99
16-Nov-01,1.69
19-Nov-01,2.08
20-Nov-01,2.55
21-Nov-01,1.91
26-Nov-01,1.79
27-Nov-01,1.87
28-Nov-01,2.3
29-Nov-01,2.19
30-Nov-01,1.83
3-Dec-01,2.1
4-Dec-01,2
5-Dec-01,1.89
6-Dec-01,1.81
7-Dec-01,2.11
10-Dec-01,2.28
11-Dec-01,2.58
12-Dec-01,2.57
13-Dec-01,2.4
14-Dec-01,2.4
17-Dec-01,2.4
18-Dec-01,2.4
19-Dec-01,2.4
20-Dec-01,2.4
21-Dec-01,2.4
26-Dec-01,2.4
27-Dec-01,2.4
28-Dec-01,2.4
31-Dec-01,2.4
2-Jan-02,2.55
3-Jan-02,2.58
4-Jan-02,2.58
7-Jan-02,2.58
8-Jan-02,2.39
9-Jan-02,2.31
10-Jan-02,2.32
11-Jan-02,2.32
14-Jan-02,2.32
15-Jan-02,2.32
16-Jan-02,2.38
17-Jan-02,2.4
18-Jan-02,2.28
22-Jan-02,2.28
23-Jan-02,2.28
24-Jan-02,2.13
25-Jan-02,2.03
28-Jan-02,2.03
29-Jan-02,2.03
30-Jan-02,2.28
31-Jan-02,2.28
1-Feb-02,2.28
4-Feb-02,2.28
5-Feb-02,2.28
6-Feb-02,2.14
7-Feb-02,2.17
8-Feb-02,2.21
11-Feb-02,2.22
12-Feb-02,2.39
13-Feb-02,2.37
14-Feb-02,2.26
15-Feb-02,2.18
19-Feb-02,2.32
20-Feb-02,2.41
21-Feb-02,2.4
22-Feb-02,2.4
25-Feb-02,2.4
26-Feb-02,2.46
27-Feb-02,2.49
28-Feb-02,2.49
1-Mar-02,2.51
4-Mar-02,2.66
5-Mar-02,2.63
6-Mar-02,2.52
7-Mar-02,2.73
8-Mar-02,2.82
11-Mar-02,2.9
12-Mar-02,2.94
13-Mar-02,2.97
14-Mar-02,2.78
15-Mar-02,2.99
18-Mar-02,3.15
19-Mar-02,3.33
20-Mar-02,3.29
21-Mar-02,3.2
22-Mar-02,3.57
25-Mar-02,3.46
26-Mar-02,3.59
27-Mar-02,3.35
28-Mar-02,3.18
1-Apr-02,3.43
2-Apr-02,3.72
3-Apr-02,3.68
4-Apr-02,3.56
5-Apr-02,3.31
8-Apr-02,3.36
9-Apr-02,3.25
10-Apr-02,3.25
11-Apr-02,3.14
12-Apr-02,3.07
15-Apr-02,3.27
16-Apr-02,3.44
17-Apr-02,3.4
18-Apr-02,3.5
19-Apr-02,3.4
22-Apr-02,3.58
23-Apr-02,3.63
24-Apr-02,3.53
25-Apr-02,3.46
26-Apr-02,3.32
29-Apr-02,3.44
30-Apr-02,3.65
1-May-02,3.79
2-May-02,3.65
3-May-02,3.71
6-May-02,3.61
7-May-02,3.5
8-May-02,3.74
9-May-02,3.72
10-May-02,3.7
13-May-02,3.62
14-May-02,3.75
15-May-02,3.6
16-May-02,3.45
17-May-02,3.41
20-May-02,3.44
21-May-02,3.33
22-May-02,3.39
23-May-02,3.38
24-May-02,3.21
28-May-02,3.18
29-May-02,3.3
30-May-02,3.33
31-May-02,3.15
3-Jun-02,3.18
4-Jun-02,3.31
5-Jun-02,3.29
6-Jun-02,3.29
7-Jun-02,3.11
10-Jun-02,3.14
11-Jun-02,3.11
12-Jun-02,3.15
13-Jun-02,3.04
14-Jun-02,3.13
17-Jun-02,3.34
18-Jun-02,3.23
19-Jun-02,3.24
20-Jun-02,3.33
21-Jun-02,3.18
24-Jun-02,3.33
25-Jun-02,3.49
26-Jun-02,3.92
27-Jun-02,3.22
28-Jun-02,3.2
1-Jul-02,3.28
2-Jul-02,3.17
3-Jul-02,3.08
8-Jul-02,3.06
9-Jul-02,2.97
10-Jul-02,3.04
11-Jul-02,2.85
12-Jul-02,2.87
15-Jul-02,2.83
16-Jul-02,2.89
17-Jul-02,2.97
18-Jul-02,2.85
19-Jul-02,2.95
22-Jul-02,3.01
23-Jul-02,2.95
24-Jul-02,2.91
25-Jul-02,3.05
26-Jul-02,2.94
29-Jul-02,3.07
30-Jul-02,2.97
31-Jul-02,3.02
1-Aug-02,3.07
2-Aug-02,2.9
5-Aug-02,2.81
6-Aug-02,2.8
7-Aug-02,2.73
8-Aug-02,2.75
9-Aug-02,2.83
12-Aug-02,2.91
13-Aug-02,3.01
14-Aug-02,3.03
15-Aug-02,2.92
16-Aug-02,3.1
19-Aug-02,3.1
20-Aug-02,3.25
21-Aug-02,3.22
22-Aug-02,3.36
23-Aug-02,3.48
26-Aug-02,3.51
27-Aug-02,3.47
28-Aug-02,3.31
29-Aug-02,3.25
30-Aug-02,3.12
3-Sep-02,3.1
4-Sep-02,3.13
5-Sep-02,3.2
6-Sep-02,3.39
9-Sep-02,3.24
10-Sep-02,3.35
11-Sep-02,3.33
12-Sep-02,3.22
13-Sep-02,3.37
16-Sep-02,3.45
17-Sep-02,3.46
18-Sep-02,3.8
19-Sep-02,3.9
20-Sep-02,3.95
23-Sep-02,3.87
24-Sep-02,4
25-Sep-02,3.76
26-Sep-02,3.61
27-Sep-02,3.76
30-Sep-02,4.09
1-Oct-02,4.41
2-Oct-02,4.27
3-Oct-02,4.23
4-Oct-02,3.86
7-Oct-02,3.77
8-Oct-02,3.86
9-Oct-02,3.91
10-Oct-02,3.93
11-Oct-02,3.8
14-Oct-02,4.19
15-Oct-02,4.19
16-Oct-02,4.1
17-Oct-02,4.1
18-Oct-02,4.11
21-Oct-02,4.23
22-Oct-02,4.2
23-Oct-02,4.24
24-Oct-02,4.3
25-Oct-02,4.12
28-Oct-02,4.16
29-Oct-02,4.2
30-Oct-02,4.34
31-Oct-02,4.39
1-Nov-02,4.07
4-Nov-02,3.94
5-Nov-02,3.9
6-Nov-02,3.92
7-Nov-02,3.9
8-Nov-02,3.76
11-Nov-02,3.83
12-Nov-02,3.83
13-Nov-02,3.83
14-Nov-02,3.9
15-Nov-02,3.92
18-Nov-02,4.18
19-Nov-02,4.25
20-Nov-02,4.27
21-Nov-02,4.24
22-Nov-02,4.32
25-Nov-02,4.34
26-Nov-02,4.23
27-Nov-02,4.19
2-Dec-02,4.23
3-Dec-02,4.35
4-Dec-02,4.24
5-Dec-02,4.35
6-Dec-02,4.39
9-Dec-02,4.32
10-Dec-02,4.4
11-Dec-02,4.63
12-Dec-02,4.81
13-Dec-02,5.05
16-Dec-02,5.31
17-Dec-02,5.13
18-Dec-02,4.98
19-Dec-02,5.14
20-Dec-02,5.05
23-Dec-02,5.03
24-Dec-02,5.03
26-Dec-02,4.98
27-Dec-02,4.81
30-Dec-02,4.74
31-Dec-02,4.59
2-Jan-03,4.93
3-Jan-03,5.13
6-Jan-03,4.94
7-Jan-03,4.89
8-Jan-03,5.07
9-Jan-03,5.05
10-Jan-03,5.19
13-Jan-03,5.23
14-Jan-03,5.25
15-Jan-03,5.21
16-Jan-03,5.5
17-Jan-03,5.66
21-Jan-03,5.47
22-Jan-03,5.72
23-Jan-03,6.55
24-Jan-03,5.91
27-Jan-03,5.91
28-Jan-03,5.52
29-Jan-03,5.61
30-Jan-03,5.76
31-Jan-03,5.58
3-Feb-03,5.71
4-Feb-03,6.26
5-Feb-03,6.22
6-Feb-03,6.08
7-Feb-03,6.3
10-Feb-03,6.35
11-Feb-03,6.19
12-Feb-03,6.19
13-Feb-03,5.81
14-Feb-03,5.88
18-Feb-03,6.09
19-Feb-03,6.1
20-Feb-03,6.38
21-Feb-03,6.73
24-Feb-03,11.98
25-Feb-03,18.48
26-Feb-03,10.47
27-Feb-03,8.42
28-Feb-03,10.81
3-Mar-03,8.51
4-Mar-03,7.71
5-Mar-03,7.8
6-Mar-03,7.57
7-Mar-03,7.42
10-Mar-03,6.78
11-Mar-03,6.25
12-Mar-03,5.8
13-Mar-03,5.71
14-Mar-03,5.17
17-Mar-03,5.32
18-Mar-03,5.13
19-Mar-03,5.2
20-Mar-03,5.2
21-Mar-03,5.05
24-Mar-03,5.07
25-Mar-03,5.07
26-Mar-03,4.9
27-Mar-03,4.87
28-Mar-03,5.06
31-Mar-03,5.01
1-Apr-03,4.9
2-Apr-03,4.89
3-Apr-03,4.91
4-Apr-03,4.86
7-Apr-03,4.98
8-Apr-03,5.21
9-Apr-03,5.11
10-Apr-03,5.18
11-Apr-03,5.28
14-Apr-03,5.29
15-Apr-03,5.53
16-Apr-03,5.62
17-Apr-03,5.54
21-Apr-03,5.55
22-Apr-03,5.58
23-Apr-03,5.58
24-Apr-03,5.46
25-Apr-03,5.39
28-Apr-03,5.3
29-Apr-03,5.12
30-Apr-03,5.25
1-May-03,5.32
2-May-03,5.24
5-May-03,5.36
6-May-03,5.64
7-May-03,5.49
8-May-03,5.65
9-May-03,5.73
12-May-03,5.91
13-May-03,5.98
14-May-03,6.17
15-May-03,6.24
16-May-03,5.96
19-May-03,6.08
20-May-03,5.93
21-May-03,6.08
22-May-03,6.09
23-May-03,5.92
27-May-03,5.84
28-May-03,5.71
29-May-03,5.76
30-May-03,5.99
2-Jun-03,6.22
3-Jun-03,6.25
4-Jun-03,6.4
5-Jun-03,6.17
6-Jun-03,6.25
9-Jun-03,6.25
10-Jun-03,6.08
11-Jun-03,6.06
12-Jun-03,5.86
13-Jun-03,5.44
16-Jun-03,5.45
17-Jun-03,5.66
18-Jun-03,5.53
19-Jun-03,5.53
20-Jun-03,5.68
23-Jun-03,5.89
24-Jun-03,5.84
25-Jun-03,5.64
26-Jun-03,5.49
27-Jun-03,5.19
30-Jun-03,5.31
1-Jul-03,5.22
2-Jul-03,5.05
3-Jul-03,4.96
7-Jul-03,5.2
8-Jul-03,5.4
9-Jul-03,5.56
10-Jul-03,5.4
11-Jul-03,5.22
14-Jul-03,5.15
15-Jul-03,5.17
16-Jul-03,5
17-Jul-03,4.96
18-Jul-03,5.01
21-Jul-03,5.11
22-Jul-03,5.04
23-Jul-03,4.88
24-Jul-03,4.86
25-Jul-03,4.68
28-Jul-03,4.68
29-Jul-03,4.72
30-Jul-03,4.68
31-Jul-03,4.63
1-Aug-03,4.71
4-Aug-03,4.81
5-Aug-03,4.71
6-Aug-03,4.74
7-Aug-03,4.85
8-Aug-03,5.02
11-Aug-03,5.08
12-Aug-03,5.06
13-Aug-03,5.17
14-Aug-03,5.1
15-Aug-03,4.83
18-Aug-03,4.94
19-Aug-03,4.99
20-Aug-03,5.03
21-Aug-03,5.14
22-Aug-03,5.24
25-Aug-03,5.26
26-Aug-03,5.09
27-Aug-03,5.11
28-Aug-03,4.94
29-Aug-03,4.86
2-Sep-03,4.62
3-Sep-03,4.68
4-Sep-03,4.7
5-Sep-03,4.76
8-Sep-03,4.82
9-Sep-03,4.7
10-Sep-03,4.78
11-Sep-03,4.85
12-Sep-03,4.66
15-Sep-03,4.66
16-Sep-03,4.67
17-Sep-03,4.61
18-Sep-03,4.52
19-Sep-03,4.33
22-Sep-03,4.38
23-Sep-03,4.51
24-Sep-03,4.58
25-Sep-03,4.55
26-Sep-03,4.42
29-Sep-03,4.57
30-Sep-03,4.66
1-Oct-03,4.47
2-Oct-03,4.42
3-Oct-03,4.34
6-Oct-03,4.4
7-Oct-03,4.66
8-Oct-03,4.84
9-Oct-03,4.78
10-Oct-03,4.92
13-Oct-03,4.96
14-Oct-03,4.84
15-Oct-03,4.93
16-Oct-03,4.92
17-Oct-03,4.53
20-Oct-03,4.3
21-Oct-03,4.64
22-Oct-03,4.89
23-Oct-03,4.9
24-Oct-03,4.78
27-Oct-03,4.56
28-Oct-03,4.45
29-Oct-03,4.51
30-Oct-03,4.4
31-Oct-03,3.98
3-Nov-03,4.12
4-Nov-03,4.01
5-Nov-03,4.46
6-Nov-03,4.74
7-Nov-03,4.48
10-Nov-03,4.42
11-Nov-03,4.52
12-Nov-03,4.77
13-Nov-03,4.6
14-Nov-03,4.62
17-Nov-03,4.49
18-Nov-03,4.35
19-Nov-03,4.46
20-Nov-03,4.35
21-Nov-03,4.15
24-Nov-03,4.57
25-Nov-03,4.49
26-Nov-03,4.86
1-Dec-03,5.02
2-Dec-03,5.45
3-Dec-03,5.45
4-Dec-03,5.7
5-Dec-03,6.27
8-Dec-03,6.06
9-Dec-03,6.52
10-Dec-03,6.67
11-Dec-03,6.56
12-Dec-03,6.73
15-Dec-03,6.63
16-Dec-03,6.58
17-Dec-03,6.56
18-Dec-03,6.98
19-Dec-03,6.92
22-Dec-03,6.32
23-Dec-03,5.58
24-Dec-03,5.5
29-Dec-03,5.46
30-Dec-03,5.96
31-Dec-03,5.76
5-Jan-04,6.28
6-Jan-04,7.04
7-Jan-04,6.61
8-Jan-04,6.41
9-Jan-04,6.91
12-Jan-04,6.29
13-Jan-04,6.26
14-Jan-04,5.73
15-Jan-04,6.02
16-Jan-04,5.43
20-Jan-04,6.15
21-Jan-04,6.26
22-Jan-04,6.03
23-Jan-04,5.82
26-Jan-04,5.7
27-Jan-04,5.87
28-Jan-04,6.04
29-Jan-04,5.99
30-Jan-04,5.8
2-Feb-04,5.51
3-Feb-04,5.69
4-Feb-04,5.74
5-Feb-04,5.54
6-Feb-04,5.38
9-Feb-04,5.44
10-Feb-04,5.49
11-Feb-04,5.34
12-Feb-04,5.35
13-Feb-04,5.62
17-Feb-04,5.43
18-Feb-04,5.33
19-Feb-04,5.28
20-Feb-04,5.19
23-Feb-04,5.1
24-Feb-04,5.08
25-Feb-04,5.1
26-Feb-04,5.13
27-Feb-04,5.27
1-Mar-04,5.17
2-Mar-04,5.37
3-Mar-04,5.34
4-Mar-04,5.17
5-Mar-04,5.32
8-Mar-04,5.42
9-Mar-04,5.34
10-Mar-04,5.33
11-Mar-04,5.33
12-Mar-04,5.52
15-Mar-04,5.59
16-Mar-04,5.6
17-Mar-04,5.61
18-Mar-04,5.63
19-Mar-04,5.49
22-Mar-04,5.46
23-Mar-04,5.36
24-Mar-04,5.35
25-Mar-04,5.22
26-Mar-04,5.16
29-Mar-04,5.25
30-Mar-04,5.4
31-Mar-04,5.63
1-Apr-04,5.82
2-Apr-04,5.69
5-Apr-04,5.81
6-Apr-04,5.7
7-Apr-04,5.76
8-Apr-04,5.84
12-Apr-04,5.85
13-Apr-04,5.92
14-Apr-04,5.73
15-Apr-04,5.68
16-Apr-04,5.62
19-Apr-04,5.57
20-Apr-04,5.46
21-Apr-04,5.52
22-Apr-04,5.59
23-Apr-04,5.53
26-Apr-04,5.6
27-Apr-04,5.81
28-Apr-04,5.8
29-Apr-04,5.78
30-Apr-04,5.81
3-May-04,5.8
4-May-04,6.21
5-May-04,6.09
6-May-04,6.22
7-May-04,6.18
10-May-04,6.14
11-May-04,6.24
12-May-04,6.41
13-May-04,6.42
14-May-04,6.43
17-May-04,6.41
18-May-04,6.28
19-May-04,6.18
20-May-04,6.44
21-May-04,6.35
24-May-04,6.48
25-May-04,6.73
26-May-04,6.7
27-May-04,6.51
28-May-04,6.45
1-Jun-04,6.45
2-Jun-04,6.51
3-Jun-04,6.44
4-Jun-04,6.15
7-Jun-04,6.09
8-Jun-04,6.19
9-Jun-04,6.04
10-Jun-04,6
14-Jun-04,6.15
15-Jun-04,6.35
16-Jun-04,6.38
17-Jun-04,6.57
18-Jun-04,6.48
21-Jun-04,6.42
22-Jun-04,6.29
23-Jun-04,6.3
24-Jun-04,6.41
25-Jun-04,6.28
28-Jun-04,6.13
29-Jun-04,6.02
30-Jun-04,6.03
1-Jul-04,5.95
2-Jul-04,5.88
6-Jul-04,6.16
7-Jul-04,6.27
8-Jul-04,6.19
9-Jul-04,5.89
12-Jul-04,5.95
13-Jul-04,5.85
14-Jul-04,5.91
15-Jul-04,5.92
16-Jul-04,5.77
19-Jul-04,5.75
20-Jul-04,5.8
21-Jul-04,5.9
22-Jul-04,5.85
23-Jul-04,5.98
26-Jul-04,5.94
27-Jul-04,5.87
28-Jul-04,5.77
29-Jul-04,5.93
30-Jul-04,6.03
2-Aug-04,5.86
3-Aug-04,5.77
4-Aug-04,5.7
5-Aug-04,5.54
6-Aug-04,5.42
9-Aug-04,5.58
10-Aug-04,5.78
11-Aug-04,5.64
12-Aug-04,5.46
13-Aug-04,5.27
16-Aug-04,5.34
17-Aug-04,5.27
18-Aug-04,5.36
19-Aug-04,5.34
20-Aug-04,5.39
23-Aug-04,5.34
24-Aug-04,5.23
25-Aug-04,5.32
26-Aug-04,5.19
27-Aug-04,5.05
30-Aug-04,5.05
31-Aug-04,5.04
1-Sep-04,5.02
2-Sep-04,4.75
3-Sep-04,4.32
7-Sep-04,4.41
8-Sep-04,4.69
9-Sep-04,4.57
10-Sep-04,4.57
13-Sep-04,5.12
14-Sep-04,5.15
15-Sep-04,5.17
16-Sep-04,4.82
17-Sep-04,4.95
20-Sep-04,5.22
21-Sep-04,5.43
22-Sep-04,5.58
23-Sep-04,5.58
24-Sep-04,5.41
27-Sep-04,5.22
28-Sep-04,5.45
29-Sep-04,6.26
30-Sep-04,6.36
1-Oct-04,5.38
4-Oct-04,5.72
5-Oct-04,6.07
6-Oct-04,6
7-Oct-04,6.24
8-Oct-04,5.59
11-Oct-04,5.63
12-Oct-04,5.63
13-Oct-04,5.38
14-Oct-04,5.76
15-Oct-04,5.64
18-Oct-04,5.64
19-Oct-04,6.13
20-Oct-04,7.27
21-Oct-04,7.35
22-Oct-04,7.11
25-Oct-04,7.75
26-Oct-04,7.78
27-Oct-04,8.12
28-Oct-04,6.8
29-Oct-04,6.43
1-Nov-04,6.98
2-Nov-04,6.88
3-Nov-04,7.25
4-Nov-04,7.4
5-Nov-04,6.08
8-Nov-04,6.62
9-Nov-04,5.79
10-Nov-04,6.12
11-Nov-04,6.19
12-Nov-04,5.9
15-Nov-04,6.02
16-Nov-04,6.57
17-Nov-04,6.06
18-Nov-04,5.59
19-Nov-04,4.81
22-Nov-04,5.24
23-Nov-04,5.24
24-Nov-04,5.01
29-Nov-04,6.76
30-Nov-04,6.79
1-Dec-04,6.78
2-Dec-04,6.69
3-Dec-04,6.04
6-Dec-04,6.05
7-Dec-04,6.03
8-Dec-04,5.98
9-Dec-04,6.04
10-Dec-04,6.29
13-Dec-04,6.89
14-Dec-04,7.1
15-Dec-04,7.04
16-Dec-04,6.88
17-Dec-04,7.26
20-Dec-04,7.14
21-Dec-04,6.83
22-Dec-04,7.05
23-Dec-04,6.98
27-Dec-04,6.57
28-Dec-04,6.27
29-Dec-04,6.18
30-Dec-04,6.02
3-Jan-05,5.53
4-Jan-05,5.71
5-Jan-05,5.84
6-Jan-05,5.79
7-Jan-05,5.82
10-Jan-05,6.21
11-Jan-05,5.96
12-Jan-05,5.89
13-Jan-05,6.06
14-Jan-05,6.45
18-Jan-05,6.69
19-Jan-05,6.19
20-Jan-05,6.27
21-Jan-05,6.43
24-Jan-05,6.41
25-Jan-05,6.44
26-Jan-05,6.44
27-Jan-05,6.5
28-Jan-05,6.23
31-Jan-05,6.14
1-Feb-05,6.28
2-Feb-05,6.38
3-Feb-05,6.32
4-Feb-05,6.12
7-Feb-05,6.02
8-Feb-05,5.95
9-Feb-05,6.2
10-Feb-05,6.21
11-Feb-05,6.02
14-Feb-05,5.95
15-Feb-05,6.01
16-Feb-05,6.1
17-Feb-05,6.05
18-Feb-05,5.88
22-Feb-05,5.92
23-Feb-05,6.02
24-Feb-05,6.33
25-Feb-05,6.24
28-Feb-05,6.62
1-Mar-05,6.63
2-Mar-05,6.61
3-Mar-05,6.71
4-Mar-05,6.51
7-Mar-05,6.66
8-Mar-05,6.81
9-Mar-05,6.99
10-Mar-05,6.91
11-Mar-05,6.73
14-Mar-05,6.86
15-Mar-05,7.16
16-Mar-05,7.08
17-Mar-05,7.25
18-Mar-05,7.12
21-Mar-05,7.16
22-Mar-05,7.24
23-Mar-05,7.11
24-Mar-05,7.07
28-Mar-05,6.94
29-Mar-05,6.93
30-Mar-05,7.18
31-Mar-05,7.46
1-Apr-05,7.57
4-Apr-05,7.8
5-Apr-05,7.44
6-Apr-05,7.46
7-Apr-05,7.5
8-Apr-05,7.26
11-Apr-05,7.17
12-Apr-05,7.34
13-Apr-05,7.07
14-Apr-05,7.02
15-Apr-05,6.95
18-Apr-05,6.95
19-Apr-05,6.95
20-Apr-05,7.1
21-Apr-05,6.93
22-Apr-05,7.06
25-Apr-05,7.27
26-Apr-05,7.08
27-Apr-05,7.1
28-Apr-05,6.67
29-Apr-05,6.64
2-May-05,6.5
3-May-05,6.61
4-May-05,6.49
5-May-05,6.65
6-May-05,6.67
9-May-05,6.56
10-May-05,6.67
11-May-05,6.63
12-May-05,6.62
13-May-05,6.47
16-May-05,6.45
17-May-05,6.41
18-May-05,6.5
19-May-05,6.39
20-May-05,6.36
23-May-05,6.33
24-May-05,6.45
25-May-05,6.33
26-May-05,6.3
27-May-05,6.22
31-May-05,6.31
1-Jun-05,6.36
2-Jun-05,6.63
3-Jun-05,6.65
6-Jun-05,7.05
7-Jun-05,7.13
8-Jun-05,7.22
9-Jun-05,7.05
10-Jun-05,7.09
13-Jun-05,7.08
14-Jun-05,7.32
15-Jun-05,7.39
16-Jun-05,7.41
17-Jun-05,7.61
20-Jun-05,7.8
21-Jun-05,7.46
22-Jun-05,7.39
23-Jun-05,7.51
24-Jun-05,7.45
27-Jun-05,7.29
28-Jun-05,7.04
29-Jun-05,7.08
30-Jun-05,7.01
1-Jul-05,7.01
5-Jul-05,7.38
6-Jul-05,7.69
7-Jul-05,7.62
8-Jul-05,7.87
11-Jul-05,7.35
12-Jul-05,7.79
13-Jul-05,7.78
14-Jul-05,7.99
15-Jul-05,8.02
18-Jul-05,7.77
19-Jul-05,7.7
20-Jul-05,7.75
21-Jul-05,7.64
22-Jul-05,7.41
25-Jul-05,7.38
26-Jul-05,7.45
27-Jul-05,7.52
28-Jul-05,7.69
29-Jul-05,7.76
1-Aug-05,8.03
2-Aug-05,8.38
3-Aug-05,8.75
4-Aug-05,8.55
5-Aug-05,8.6
8-Aug-05,8.93
9-Aug-05,8.7
10-Aug-05,8.82
11-Aug-05,9.29
12-Aug-05,9.59
15-Aug-05,9.53
16-Aug-05,9.66
17-Aug-05,9.99
18-Aug-05,9.38
19-Aug-05,9.09
22-Aug-05,9.44
23-Aug-05,9.96
24-Aug-05,10.02
25-Aug-05,9.77
26-Aug-05,9.86
29-Aug-05,9.86
30-Aug-05,12.36
31-Aug-05,12.69
1-Sep-05,11.36
2-Sep-05,11.75
6-Sep-05,11.56
7-Sep-05,11.03
8-Sep-05,10.92
9-Sep-05,11.03
12-Sep-05,10.68
13-Sep-05,10.71
14-Sep-05,10.8
15-Sep-05,11.24
16-Sep-05,11.25
19-Sep-05,11.99
20-Sep-05,12.76
21-Sep-05,14.26
22-Sep-05,14.84
7-Oct-05,13.67
10-Oct-05,13.29
11-Oct-05,13.67
12-Oct-05,13.77
13-Oct-05,13.48
14-Oct-05,12.8
17-Oct-05,13.89
18-Oct-05,13.41
19-Oct-05,13.52
20-Oct-05,13.24
21-Oct-05,12.73
24-Oct-05,12.95
25-Oct-05,13.9
26-Oct-05,14.68
27-Oct-05,13.9
28-Oct-05,13.1
31-Oct-05,12.18
1-Nov-05,10.8
2-Nov-05,10.85
3-Nov-05,10.79
4-Nov-05,9.67
7-Nov-05,8.77
8-Nov-05,9.15
9-Nov-05,9.31
10-Nov-05,9.66
11-Nov-05,9.2
14-Nov-05,9.15
15-Nov-05,9.21
16-Nov-05,11.03
17-Nov-05,11.92
18-Nov-05,10.01
21-Nov-05,10.48
22-Nov-05,11.15
23-Nov-05,11.02
28-Nov-05,11.01
29-Nov-05,11.17
30-Nov-05,11.73
1-Dec-05,12.58
2-Dec-05,12.95
5-Dec-05,14.27
6-Dec-05,13.57
7-Dec-05,13.95
8-Dec-05,14.25
9-Dec-05,15.02
12-Dec-05,14.82
13-Dec-05,15.39
14-Dec-05,14.81
15-Dec-05,14.07
16-Dec-05,13.36
19-Dec-05,13.73
20-Dec-05,13.79
21-Dec-05,13.56
22-Dec-05,13.03
23-Dec-05,11.17
27-Dec-05,10.22
28-Dec-05,9.9
29-Dec-05,10.07
30-Dec-05,9.52
3-Jan-06,9.9
4-Jan-06,9.25
5-Jan-06,9.24
6-Jan-06,9.3
9-Jan-06,8.79
10-Jan-06,8.6
11-Jan-06,8.55
12-Jan-06,8.7
13-Jan-06,8.5
17-Jan-06,8.82
18-Jan-06,8.86
19-Jan-06,8.21
20-Jan-06,8.8
23-Jan-06,8.29
24-Jan-06,8.27
25-Jan-06,8.5
26-Jan-06,7.86
27-Jan-06,8.19
30-Jan-06,8.36
31-Jan-06,8.73
1-Feb-06,8.71
2-Feb-06,8.01
3-Feb-06,8.01
6-Feb-06,8.24
7-Feb-06,7.74
8-Feb-06,7.88
9-Feb-06,7.55
10-Feb-06,7.57
13-Feb-06,7.36
14-Feb-06,7.03
15-Feb-06,7.31
16-Feb-06,7.16
17-Feb-06,7.39
21-Feb-06,7.4
22-Feb-06,7.55
23-Feb-06,7.23
24-Feb-06,7.39
27-Feb-06,6.97
28-Feb-06,6.69
1-Mar-06,6.62
2-Mar-06,6.69
3-Mar-06,6.59
6-Mar-06,6.5
7-Mar-06,6.53
8-Mar-06,6.47
9-Mar-06,6.31
10-Mar-06,6.4
13-Mar-06,6.77
14-Mar-06,7.15
15-Mar-06,7.1
16-Mar-06,7.12
17-Mar-06,7.17
20-Mar-06,7
21-Mar-06,6.83
22-Mar-06,7.06
23-Mar-06,7.16
24-Mar-06,7.43
27-Mar-06,7.05
28-Mar-06,7.15
29-Mar-06,7.16
30-Mar-06,7.19
31-Mar-06,6.98
3-Apr-06,7.08
4-Apr-06,7.04
5-Apr-06,6.89
6-Apr-06,7.06
7-Apr-06,6.81
10-Apr-06,6.83
11-Apr-06,6.99
12-Apr-06,6.78
13-Apr-06,6.64
17-Apr-06,7.22
18-Apr-06,7.6
19-Apr-06,7.72
20-Apr-06,7.95
21-Apr-06,7.65
24-Apr-06,7.73
25-Apr-06,7.37
26-Apr-06,7.17
27-Apr-06,6.94
28-Apr-06,6.64
1-May-06,6.53
2-May-06,6.68
3-May-06,6.56
4-May-06,6.47
5-May-06,6.8
8-May-06,6.54
9-May-06,6.55
10-May-06,6.5
11-May-06,6.8
12-May-06,6.35
15-May-06,5.92
16-May-06,5.99
17-May-06,6.15
18-May-06,5.79
19-May-06,5.77
22-May-06,5.91
23-May-06,6.27
24-May-06,6.01
25-May-06,5.85
26-May-06,5.78
30-May-06,6.2
31-May-06,5.97
1-Jun-06,6.25
2-Jun-06,6.23
5-Jun-06,6.4
6-Jun-06,6.16
7-Jun-06,5.82
8-Jun-06,5.84
9-Jun-06,6.1
12-Jun-06,6.02
13-Jun-06,5.95
14-Jun-06,6.08
15-Jun-06,6.43
16-Jun-06,7.03
19-Jun-06,6.71
20-Jun-06,6.62
21-Jun-06,6.5
22-Jun-06,6.51
23-Jun-06,6.14
26-Jun-06,5.89
27-Jun-06,5.97
28-Jun-06,6.04
29-Jun-06,6.09
30-Jun-06,5.84
5-Jul-06,5.7
6-Jul-06,5.28
7-Jul-06,5.18
10-Jul-06,5.32
11-Jul-06,5.51
12-Jul-06,5.66
13-Jul-06,5.92
14-Jul-06,6.28
17-Jul-06,6.27
18-Jul-06,6.02
19-Jul-06,5.89
20-Jul-06,6.14
21-Jul-06,5.9
24-Jul-06,6.33
25-Jul-06,6.78
26-Jul-06,6.71
27-Jul-06,7.03
28-Jul-06,7.24
31-Jul-06,8.04
1-Aug-06,8.66
2-Aug-06,8.65
3-Aug-06,7.61
4-Aug-06,7.44
7-Aug-06,6.97
8-Aug-06,7.06
9-Aug-06,7.6
10-Aug-06,7.95
11-Aug-06,7.56
14-Aug-06,6.89
15-Aug-06,6.9
16-Aug-06,7.01
17-Aug-06,6.73
18-Aug-06,6.66
21-Aug-06,6.72
22-Aug-06,6.86
23-Aug-06,7.19
24-Aug-06,7.22
25-Aug-06,7.48
28-Aug-06,6.51
29-Aug-06,6.24
30-Aug-06,6.4
31-Aug-06,5.8
1-Sep-06,5.24
5-Sep-06,5.45
6-Sep-06,5.7
7-Sep-06,5.64
8-Sep-06,5.31
11-Sep-06,5.29
12-Sep-06,5.57
13-Sep-06,5.4
14-Sep-06,5.09
15-Sep-06,4.4
18-Sep-06,5.02
19-Sep-06,4.99
20-Sep-06,4.87
21-Sep-06,4.65
22-Sep-06,4.47
25-Sep-06,4.31
26-Sep-06,4.36
27-Sep-06,4.35
28-Sep-06,4.15
29-Sep-06,3.66
2-Oct-06,4.11
3-Oct-06,4.01
4-Oct-06,4.38
5-Oct-06,4.69
6-Oct-06,4.41
9-Oct-06,5.06
10-Oct-06,5.16
11-Oct-06,5.66
12-Oct-06,5.17
13-Oct-06,4.3
16-Oct-06,5.13
17-Oct-06,6.26
18-Oct-06,6.07
19-Oct-06,6.77
20-Oct-06,6.88
23-Oct-06,7.29
24-Oct-06,7.13
25-Oct-06,7.2
26-Oct-06,7.91
27-Oct-06,7.41
30-Oct-06,6.99
31-Oct-06,6.64
1-Nov-06,7.15
2-Nov-06,7.32
3-Nov-06,7.43
6-Nov-06,6.72
7-Nov-06,6.59
8-Nov-06,7.39
9-Nov-06,7.35
10-Nov-06,7.16
13-Nov-06,7.26
14-Nov-06,7.42
15-Nov-06,7.45
16-Nov-06,7.59
17-Nov-06,7.23
20-Nov-06,7.79
21-Nov-06,7.57
22-Nov-06,7.42
27-Nov-06,7.58
28-Nov-06,7.61
29-Nov-06,7.74
30-Nov-06,8.32
1-Dec-06,8.42
4-Dec-06,7.84
5-Dec-06,7.32
6-Dec-06,7.32
7-Dec-06,7.61
8-Dec-06,7.45
11-Dec-06,6.81
12-Dec-06,6.93
13-Dec-06,7.21
14-Dec-06,7.26
15-Dec-06,6.82
18-Dec-06,6.62
19-Dec-06,6.27
20-Dec-06,6.43
21-Dec-06,6.09
22-Dec-06,5.88
26-Dec-06,5.72
27-Dec-06,5.54
28-Dec-06,5.63
29-Dec-06,5.5
2-Jan-07,5.4
3-Jan-07,5.47
4-Jan-07,5.6
5-Jan-07,5.52
8-Jan-07,6.02
9-Jan-07,6.15
10-Jan-07,6.42
11-Jan-07,6.09
12-Jan-07,5.97
16-Jan-07,6.82
17-Jan-07,6.57
18-Jan-07,6.29
19-Jan-07,6.4
22-Jan-07,7.2
23-Jan-07,7.53
24-Jan-07,7.58
25-Jan-07,7.18
26-Jan-07,6.95
29-Jan-07,7.35
30-Jan-07,7.32
31-Jan-07,7.76
1-Feb-07,7.93
2-Feb-07,8.17
5-Feb-07,9.14
6-Feb-07,8.29
7-Feb-07,7.9
8-Feb-07,8.06
9-Feb-07,8.16
12-Feb-07,7.78
13-Feb-07,8.09
14-Feb-07,8.9
15-Feb-07,8.91
16-Feb-07,8.45
20-Feb-07,7.34
21-Feb-07,7.51
22-Feb-07,7.47
23-Feb-07,7.53
26-Feb-07,7.73
27-Feb-07,7.44
28-Feb-07,7.23
1-Mar-07,7.07
2-Mar-07,7.22
5-Mar-07,7.36
6-Mar-07,7.55
7-Mar-07,7.5
8-Mar-07,7.14
9-Mar-07,7.05
12-Mar-07,6.81
13-Mar-07,6.78
14-Mar-07,6.86
15-Mar-07,7.02
16-Mar-07,6.84
19-Mar-07,6.7
20-Mar-07,6.81
21-Mar-07,6.82
22-Mar-07,7.07
23-Mar-07,7.16
26-Mar-07,7.15
27-Mar-07,7.15
28-Mar-07,7.47
29-Mar-07,7.34
30-Mar-07,7.5
2-Apr-07,7.62
3-Apr-07,7.57
4-Apr-07,7.46
5-Apr-07,7.53
9-Apr-07,7.65
10-Apr-07,7.65
11-Apr-07,7.97
12-Apr-07,7.95
13-Apr-07,7.93
16-Apr-07,7.66
17-Apr-07,7.5
18-Apr-07,7.54
19-Apr-07,7.54
20-Apr-07,7.32
23-Apr-07,7.24
24-Apr-07,7.57
25-Apr-07,7.6
26-Apr-07,7.56
27-Apr-07,7.44
30-Apr-07,7.71
1-May-07,7.64
2-May-07,7.64
3-May-07,7.58
4-May-07,7.82
7-May-07,7.69
8-May-07,7.5
9-May-07,7.46
10-May-07,7.63
11-May-07,7.53
14-May-07,7.85
15-May-07,7.68
16-May-07,7.62
17-May-07,7.69
18-May-07,7.87
21-May-07,7.66
22-May-07,7.6
23-May-07,7.51
24-May-07,7.56
25-May-07,7.47
29-May-07,7.51
30-May-07,7.71
31-May-07,7.8
1-Jun-07,7.57
4-Jun-07,7.73
5-Jun-07,7.83
6-Jun-07,7.83
7-Jun-07,7.89
8-Jun-07,7.52
11-Jun-07,7.42
12-Jun-07,7.45
13-Jun-07,7.6
14-Jun-07,7.48
15-Jun-07,7.58
18-Jun-07,7.69
19-Jun-07,7.46
20-Jun-07,7.39
21-Jun-07,7.24
22-Jun-07,7.04
25-Jun-07,6.77
26-Jun-07,6.85
27-Jun-07,6.74
28-Jun-07,6.79
29-Jun-07,6.4
2-Jul-07,6.24
3-Jul-07,6.37
5-Jul-07,6.3
6-Jul-07,6.15
9-Jul-07,6.39
10-Jul-07,6.44
11-Jul-07,6.66
12-Jul-07,6.26
13-Jul-07,6.27
16-Jul-07,6.32
17-Jul-07,6.34
18-Jul-07,6.23
19-Jul-07,6.5
20-Jul-07,6.46
23-Jul-07,6
24-Jul-07,5.66
25-Jul-07,5.56
26-Jul-07,5.83
27-Jul-07,5.77
30-Jul-07,6.31
31-Jul-07,6.53
1-Aug-07,6.19
2-Aug-07,6.34
3-Aug-07,6.11
6-Aug-07,6.1
7-Aug-07,6.38
8-Aug-07,6.24
9-Aug-07,6.45
10-Aug-07,6.57
13-Aug-07,7.15
14-Aug-07,6.86
15-Aug-07,7.3
16-Aug-07,6.96
17-Aug-07,7.14
20-Aug-07,6.47
21-Aug-07,5.92
22-Aug-07,5.84
23-Aug-07,5.73
24-Aug-07,5.69
27-Aug-07,5.34
28-Aug-07,5.56
29-Aug-07,5.64
30-Aug-07,5.54
31-Aug-07,5.49
4-Sep-07,5.3
5-Sep-07,5.8
6-Sep-07,6.02
7-Sep-07,5.53
10-Sep-07,5.56
11-Sep-07,5.98
12-Sep-07,6.13
13-Sep-07,6.27
14-Sep-07,6.23
17-Sep-07,6.38
18-Sep-07,6.42
19-Sep-07,6.25
20-Sep-07,6.02
21-Sep-07,5.96
24-Sep-07,6.12
25-Sep-07,6.54
26-Sep-07,6.47
27-Sep-07,6.38
28-Sep-07,6.15
1-Oct-07,6.07
2-Oct-07,6.55
3-Oct-07,6.96
4-Oct-07,6.91
5-Oct-07,6.77
8-Oct-07,6.69
9-Oct-07,6.63
10-Oct-07,6.79
11-Oct-07,6.85
12-Oct-07,6.46
15-Oct-07,7.09
16-Oct-07,7.29
17-Oct-07,7.12
18-Oct-07,7.11
19-Oct-07,6.91
22-Oct-07,6.63
23-Oct-07,6.3
24-Oct-07,6.11
25-Oct-07,6.49
26-Oct-07,6.43
29-Oct-07,6.66
30-Oct-07,6.99
31-Oct-07,7.28
1-Nov-07,7.09
2-Nov-07,6.63
5-Nov-07,6.71
6-Nov-07,7.2
7-Nov-07,7.42
8-Nov-07,6.81
9-Nov-07,6.59
12-Nov-07,6.83
13-Nov-07,7.22
14-Nov-07,7.28
15-Nov-07,7.35
16-Nov-07,7.29
19-Nov-07,7.38
20-Nov-07,6.81
21-Nov-07,6.67
23-Nov-07,6.67
26-Nov-07,7.53
27-Nov-07,7.42
28-Nov-07,7.51
29-Nov-07,7.45
30-Nov-07,7.29
3-Dec-07,6.97
4-Dec-07,7.27
5-Dec-07,7.04
6-Dec-07,7.29
7-Dec-07,7.04
10-Dec-07,6.98
11-Dec-07,7.12
12-Dec-07,7.22
13-Dec-07,7.46
14-Dec-07,7.09
17-Dec-07,7.06
18-Dec-07,7.16
19-Dec-07,7.18
20-Dec-07,7.19
21-Dec-07,7.03
24-Dec-07,7.03
26-Dec-07,6.94
27-Dec-07,6.8
28-Dec-07,7.11
31-Dec-07,7.11
2-Jan-08,7.83
3-Jan-08,7.84
4-Jan-08,7.51
7-Jan-08,7.61
8-Jan-08,7.59
9-Jan-08,7.89
10-Jan-08,7.96
11-Jan-08,8.13
14-Jan-08,8.45
15-Jan-08,8.43
16-Jan-08,8.23
17-Jan-08,8.1
18-Jan-08,8.42
22-Jan-08,7.97
23-Jan-08,7.84
24-Jan-08,7.85
25-Jan-08,7.8
28-Jan-08,7.87
29-Jan-08,8.1
30-Jan-08,8.17
31-Jan-08,8.1
1-Feb-08,7.88
4-Feb-08,7.56
5-Feb-08,7.8
6-Feb-08,7.94
7-Feb-08,7.99
8-Feb-08,8.06
11-Feb-08,8.38
12-Feb-08,8.37
13-Feb-08,8.35
14-Feb-08,8.5
15-Feb-08,8.73
19-Feb-08,8.91
20-Feb-08,9.08
21-Feb-08,8.9
22-Feb-08,8.65
25-Feb-08,9.15
26-Feb-08,9.21
27-Feb-08,9.21
28-Feb-08,9.11
29-Feb-08,9.1
3-Mar-08,9.07
4-Mar-08,9.21
5-Mar-08,9.37
6-Mar-08,9.7
7-Mar-08,9.82
10-Mar-08,9.59
11-Mar-08,9.85
12-Mar-08,9.69
13-Mar-08,9.74
14-Mar-08,9.84
17-Mar-08,9.59
18-Mar-08,9.1
19-Mar-08,9.11
20-Mar-08,8.54
24-Mar-08,8.99
25-Mar-08,9.28
26-Mar-08,9.25
27-Mar-08,9.3
28-Mar-08,9.36
31-Mar-08,9.86
1-Apr-08,9.92
2-Apr-08,9.6
3-Apr-08,9.68
4-Apr-08,9.36
7-Apr-08,9.48
8-Apr-08,9.78
9-Apr-08,9.88
10-Apr-08,10.18
11-Apr-08,10.07
14-Apr-08,10.03
15-Apr-08,10.16
16-Apr-08,10.11
17-Apr-08,10.27
18-Apr-08,10.08
21-Apr-08,10.5
22-Apr-08,10.56
23-Apr-08,10.33
24-Apr-08,10.58
25-Apr-08,10.72
28-Apr-08,10.95
29-Apr-08,10.94
30-Apr-08,10.81
1-May-08,10.66
2-May-08,10.37
5-May-08,10.77
6-May-08,11.09
7-May-08,11.08
8-May-08,11.33
9-May-08,11.29
12-May-08,11.38
13-May-08,11.18
14-May-08,11.52
15-May-08,11.41
16-May-08,11.31
19-May-08,11.1
20-May-08,10.94
21-May-08,11.4
22-May-08,11.57
23-May-08,11.56
27-May-08,11.85
28-May-08,11.6
29-May-08,11.81
30-May-08,11.43
2-Jun-08,11.8
3-Jun-08,12.27
4-Jun-08,12.17
5-Jun-08,12.49
6-Jun-08,12.71
9-Jun-08,12.71
10-Jun-08,12.72
11-Jun-08,12.49
12-Jun-08,12.51
13-Jun-08,12.51
16-Jun-08,12.73
17-Jun-08,12.87
18-Jun-08,12.93
19-Jun-08,13.09
20-Jun-08,12.76
23-Jun-08,12.92
24-Jun-08,12.96
25-Jun-08,12.76
26-Jun-08,12.7
27-Jun-08,13.1
30-Jun-08,13.19
1-Jul-08,13.28
2-Jul-08,13.31
3-Jul-08,13
7-Jul-08,12.96
8-Jul-08,12.47
9-Jul-08,12.1
10-Jul-08,11.83
11-Jul-08,12.15
14-Jul-08,11.58
15-Jul-08,11.79
16-Jul-08,11.15
17-Jul-08,11.43
18-Jul-08,10.54
21-Jul-08,10.58
22-Jul-08,10.16
23-Jul-08,9.88
24-Jul-08,9.7
25-Jul-08,9.34
28-Jul-08,9.26
29-Jul-08,9.17
30-Jul-08,9.01
31-Jul-08,9.26
1-Aug-08,9.05
4-Aug-08,9.2
5-Aug-08,8.66
6-Aug-08,8.7
7-Aug-08,8.77
8-Aug-08,8.22
11-Aug-08,8.18
12-Aug-08,8.23
13-Aug-08,8.11
14-Aug-08,8.15
15-Aug-08,7.82
18-Aug-08,7.74
19-Aug-08,7.73
20-Aug-08,8.02
21-Aug-08,8.04
22-Aug-08,7.98
25-Aug-08,7.63
26-Aug-08,8.02
27-Aug-08,8.54
28-Aug-08,8.36
29-Aug-08,8.24
2-Sep-08,8.24
3-Sep-08,7.26
4-Sep-08,7.24
5-Sep-08,7.4
8-Sep-08,7.68
9-Sep-08,7.28
10-Sep-08,7.65
11-Sep-08,7.83
12-Sep-08,8.02
15-Sep-08,8.02
16-Sep-08,7.76
17-Sep-08,7.72
18-Sep-08,8.26
19-Sep-08,7.79
22-Sep-08,7.66
23-Sep-08,7.84
24-Sep-08,8.15
25-Sep-08,7.63
26-Sep-08,7.42
29-Sep-08,7.13
30-Sep-08,7.17
1-Oct-08,7.41
2-Oct-08,7.64
3-Oct-08,7.16
6-Oct-08,6.87
7-Oct-08,6.74
8-Oct-08,6.58
9-Oct-08,6.69
10-Oct-08,6.52
13-Oct-08,6.62
14-Oct-08,6.74
15-Oct-08,6.64
16-Oct-08,6.65
17-Oct-08,6.76
20-Oct-08,6.98
21-Oct-08,6.76
22-Oct-08,6.94
23-Oct-08,6.77
24-Oct-08,6.29
27-Oct-08,6.27
28-Oct-08,6.4
29-Oct-08,6.58
30-Oct-08,6.75
31-Oct-08,6.18
3-Nov-08,6.45
4-Nov-08,6.79
5-Nov-08,6.94
6-Nov-08,7.04
7-Nov-08,6.6
10-Nov-08,7.07
11-Nov-08,7.02
12-Nov-08,6.65
13-Nov-08,6.31
14-Nov-08,6.33
17-Nov-08,6.55
18-Nov-08,6.74
19-Nov-08,6.76
20-Nov-08,6.76
21-Nov-08,6.56
24-Nov-08,6.85
25-Nov-08,6.71
26-Nov-08,6.43
28-Nov-08,6.43
1-Dec-08,6.48
2-Dec-08,6.68
3-Dec-08,6.48
4-Dec-08,6.55
5-Dec-08,5.99
8-Dec-08,5.73
9-Dec-08,5.57
10-Dec-08,5.67
11-Dec-08,5.86
12-Dec-08,5.56
15-Dec-08,5.75
16-Dec-08,5.75
17-Dec-08,5.79
18-Dec-08,5.63
19-Dec-08,5.66
22-Dec-08,5.39
23-Dec-08,5.37
24-Dec-08,5.44
26-Dec-08,5.44
29-Dec-08,5.81
30-Dec-08,5.71
31-Dec-08,5.63
2-Jan-09,5.41
5-Jan-09,5.83
6-Jan-09,6.1
7-Jan-09,5.89
8-Jan-09,5.96
9-Jan-09,5.6
12-Jan-09,5.59
13-Jan-09,5.7
14-Jan-09,5.47
15-Jan-09,5.27
16-Jan-09,5.09
20-Jan-09,4.86
21-Jan-09,4.87
22-Jan-09,4.72
23-Jan-09,4.75
26-Jan-09,4.62
27-Jan-09,4.76
28-Jan-09,4.84
29-Jan-09,4.71
30-Jan-09,4.77
2-Feb-09,4.48
3-Feb-09,5.04
4-Feb-09,5.01
5-Feb-09,4.84
6-Feb-09,4.67
9-Feb-09,4.76
10-Feb-09,4.84
11-Feb-09,4.68
12-Feb-09,4.73
13-Feb-09,4.6
17-Feb-09,4.35
18-Feb-09,4.35
19-Feb-09,4.46
20-Feb-09,4.21
23-Feb-09,4.23
24-Feb-09,4.21
25-Feb-09,4.2
26-Feb-09,4.08
27-Feb-09,4.04
2-Mar-09,4.36
3-Mar-09,4.43
4-Mar-09,4.23
5-Mar-09,4.22
6-Mar-09,3.93
9-Mar-09,3.86
10-Mar-09,3.88
11-Mar-09,3.92
12-Mar-09,3.87
13-Mar-09,3.9
16-Mar-09,3.78
17-Mar-09,3.78
18-Mar-09,3.75
19-Mar-09,3.68
20-Mar-09,3.99
23-Mar-09,4.17
24-Mar-09,4.13
25-Mar-09,4.13
26-Mar-09,4.16
27-Mar-09,3.73
30-Mar-09,3.63
31-Mar-09,3.58
1-Apr-09,3.56
2-Apr-09,3.69
3-Apr-09,3.66
6-Apr-09,3.74
7-Apr-09,3.6
8-Apr-09,3.5
9-Apr-09,3.59
13-Apr-09,3.46
14-Apr-09,3.59
15-Apr-09,3.6
16-Apr-09,3.54
17-Apr-09,3.47
20-Apr-09,3.55
21-Apr-09,3.43
22-Apr-09,3.48
23-Apr-09,3.46
24-Apr-09,3.31
27-Apr-09,3.19
28-Apr-09,3.29
29-Apr-09,3.43
30-Apr-09,3.25
1-May-09,3.3
4-May-09,3.47
5-May-09,3.62
6-May-09,3.67
7-May-09,3.96
8-May-09,4.16
11-May-09,4.24
12-May-09,4.41
13-May-09,4.42
14-May-09,4.1
15-May-09,4.05
18-May-09,4.02
19-May-09,3.99
20-May-09,3.75
21-May-09,3.77
22-May-09,3.41
26-May-09,3.35
27-May-09,3.49
28-May-09,3.55
29-May-09,3.92
1-Jun-09,3.86
2-Jun-09,4.05
3-Jun-09,3.81
4-Jun-09,3.58
5-Jun-09,3.51
8-Jun-09,3.53
9-Jun-09,3.53
10-Jun-09,3.56
11-Jun-09,3.51
12-Jun-09,3.54
15-Jun-09,3.8
16-Jun-09,4.16
17-Jun-09,3.99
18-Jun-09,4.19
19-Jun-09,4.04
22-Jun-09,4.01
23-Jun-09,3.91
24-Jun-09,3.8
25-Jun-09,3.82
26-Jun-09,3.81
29-Jun-09,3.88
30-Jun-09,3.72
1-Jul-09,3.63
2-Jul-09,3.49
6-Jul-09,3.24
7-Jul-09,3.3
8-Jul-09,3.22
9-Jul-09,3.36
10-Jul-09,3.24
13-Jul-09,3.17
14-Jul-09,3.29
15-Jul-09,3.37
16-Jul-09,3.21
17-Jul-09,3.39
20-Jul-09,3.49
21-Jul-09,3.48
22-Jul-09,3.49
23-Jul-09,3.66
24-Jul-09,3.37
27-Jul-09,3.46
28-Jul-09,3.49
29-Jul-09,3.41
30-Jul-09,3.34
31-Jul-09,3.34
3-Aug-09,3.43
4-Aug-09,3.53
5-Aug-09,3.61
6-Aug-09,3.78
7-Aug-09,3.57
10-Aug-09,3.55
11-Aug-09,3.54
12-Aug-09,3.36
13-Aug-09,3.34
14-Aug-09,3.18
17-Aug-09,3.11
18-Aug-09,3.12
19-Aug-09,3.03
20-Aug-09,3.03
21-Aug-09,2.78
24-Aug-09,2.69
25-Aug-09,2.85
26-Aug-09,2.76
27-Aug-09,2.76
28-Aug-09,2.52
31-Aug-09,2.42
1-Sep-09,2.36
2-Sep-09,2.25
3-Sep-09,2.06
4-Sep-09,1.83
8-Sep-09,2.43
9-Sep-09,2.72
10-Sep-09,2.68
11-Sep-09,2.94
14-Sep-09,2.84
15-Sep-09,3.21
16-Sep-09,3.28
17-Sep-09,3.5
18-Sep-09,3.21
21-Sep-09,3.35
22-Sep-09,3.37
23-Sep-09,3.43
24-Sep-09,3.56
25-Sep-09,3.61
28-Sep-09,3.54
29-Sep-09,3.3
30-Sep-09,3.25
1-Oct-09,2.91
2-Oct-09,2.32
5-Oct-09,2.89
6-Oct-09,3.23
7-Oct-09,3.7
8-Oct-09,4.24
9-Oct-09,3.92
12-Oct-09,3.96
13-Oct-09,4.03
14-Oct-09,3.82
15-Oct-09,3.88
16-Oct-09,3.94
19-Oct-09,4.22
20-Oct-09,4.6
21-Oct-09,4.8
22-Oct-09,4.98
23-Oct-09,4.88
26-Oct-09,4.52
27-Oct-09,4.52
28-Oct-09,4.59
29-Oct-09,4.11
30-Oct-09,4.11
2-Nov-09,4.32
3-Nov-09,4.33
4-Nov-09,4.49
5-Nov-09,4.3
6-Nov-09,3.95
9-Nov-09,3.78
10-Nov-09,3.76
11-Nov-09,3.59
12-Nov-09,3.24
13-Nov-09,2.51
16-Nov-09,2.65
17-Nov-09,3.47
18-Nov-09,3.74
19-Nov-09,3.57
20-Nov-09,3.09
23-Nov-09,3.79
24-Nov-09,3.63
25-Nov-09,3.32
27-Nov-09,3.32
30-Nov-09,4.41
1-Dec-09,4.3
2-Dec-09,4.67
3-Dec-09,4.57
4-Dec-09,4.53
7-Dec-09,4.78
8-Dec-09,5.1
9-Dec-09,5.27
10-Dec-09,5.02
11-Dec-09,5.21
14-Dec-09,5.41
15-Dec-09,5.53
16-Dec-09,5.57
17-Dec-09,5.65
18-Dec-09,5.87
21-Dec-09,5.79
22-Dec-09,5.56
23-Dec-09,5.55
24-Dec-09,5.75
28-Dec-09,5.91
29-Dec-09,6.01
30-Dec-09,5.78
31-Dec-09,5.82
4-Jan-10,6.09
5-Jan-10,6.19
6-Jan-10,6.47
7-Jan-10,7.51
8-Jan-10,6.56
11-Jan-10,5.77
12-Jan-10,5.57
13-Jan-10,5.61
14-Jan-10,5.77
15-Jan-10,5.66
19-Jan-10,5.51
20-Jan-10,5.54
21-Jan-10,5.52
22-Jan-10,5.67
25-Jan-10,5.76
26-Jan-10,5.61
27-Jan-10,5.42
28-Jan-10,5.32
29-Jan-10,5.26
1-Feb-10,5.3
2-Feb-10,5.47
3-Feb-10,5.51
4-Feb-10,5.47
5-Feb-10,5.61
8-Feb-10,5.73
9-Feb-10,5.54
10-Feb-10,5.48
11-Feb-10,5.53
12-Feb-10,5.48
16-Feb-10,5.65
17-Feb-10,5.47
18-Feb-10,5.4
19-Feb-10,5.1
22-Feb-10,4.92
23-Feb-10,4.91
24-Feb-10,4.91
25-Feb-10,4.84
26-Feb-10,4.76
1-Mar-10,4.83
2-Mar-10,4.78
3-Mar-10,4.76
4-Mar-10,4.78
5-Mar-10,4.56
8-Mar-10,4.47
9-Mar-10,4.51
10-Mar-10,4.44
11-Mar-10,4.47
12-Mar-10,4.35
15-Mar-10,4.29
16-Mar-10,4.38
17-Mar-10,4.27
18-Mar-10,4.19
19-Mar-10,4.01
22-Mar-10,4.02
23-Mar-10,4.08
24-Mar-10,4.02
25-Mar-10,4.01
26-Mar-10,3.92
29-Mar-10,3.83
30-Mar-10,3.79
31-Mar-10,3.93
1-Apr-10,3.72
5-Apr-10,3.93
6-Apr-10,4.16
7-Apr-10,4.08
8-Apr-10,3.92
9-Apr-10,3.9
12-Apr-10,4.04
13-Apr-10,3.97
14-Apr-10,4.15
15-Apr-10,4.16
16-Apr-10,3.97
19-Apr-10,4.02
20-Apr-10,3.93
21-Apr-10,3.96
22-Apr-10,3.95
23-Apr-10,4.07
26-Apr-10,4.23
27-Apr-10,4.18
28-Apr-10,4.19
29-Apr-10,4.24
30-Apr-10,3.94
3-May-10,3.86
4-May-10,3.96
5-May-10,4
6-May-10,3.97
7-May-10,3.91
10-May-10,4.08
11-May-10,4.15
12-May-10,4.18
13-May-10,4.26
14-May-10,4.27
17-May-10,4.34
18-May-10,4.42
19-May-10,4.28
20-May-10,4.12
21-May-10,4.12
24-May-10,4.08
25-May-10,4.08
26-May-10,4.19
27-May-10,4.22
28-May-10,4.31
1-Jun-10,4.39
2-Jun-10,4.32
3-Jun-10,4.46
4-Jun-10,4.6
7-Jun-10,4.67
8-Jun-10,4.89
9-Jun-10,4.75
10-Jun-10,4.68
11-Jun-10,4.68
14-Jun-10,4.94
15-Jun-10,5.11
16-Jun-10,5.13
17-Jun-10,5.14
18-Jun-10,5.17
21-Jun-10,5.15
22-Jun-10,4.87
23-Jun-10,4.9
24-Jun-10,4.88
25-Jun-10,4.84
28-Jun-10,4.85
29-Jun-10,4.68
30-Jun-10,4.53
1-Jul-10,4.54
2-Jul-10,4.72
6-Jul-10,4.85
7-Jul-10,4.76
8-Jul-10,4.61
9-Jul-10,4.36
12-Jul-10,4.42
13-Jul-10,4.46
14-Jul-10,4.39
15-Jul-10,4.43
16-Jul-10,4.68
19-Jul-10,4.56
20-Jul-10,4.59
21-Jul-10,4.7
22-Jul-10,4.67
23-Jul-10,4.69
26-Jul-10,4.65
27-Jul-10,4.72
28-Jul-10,4.75
29-Jul-10,4.8
30-Jul-10,4.81
2-Aug-10,4.94
3-Aug-10,4.78
4-Aug-10,4.77
5-Aug-10,4.84
6-Aug-10,4.67
9-Aug-10,4.52
10-Aug-10,4.43
11-Aug-10,4.38
12-Aug-10,4.42
13-Aug-10,4.35
16-Aug-10,4.37
17-Aug-10,4.28
18-Aug-10,4.35
19-Aug-10,4.29
20-Aug-10,4.19
23-Aug-10,4.12
24-Aug-10,4.07
25-Aug-10,3.99
26-Aug-10,3.85
27-Aug-10,3.75
30-Aug-10,3.77
31-Aug-10,3.8
1-Sep-10,3.73
2-Sep-10,3.74
3-Sep-10,3.74
7-Sep-10,3.82
8-Sep-10,3.81
9-Sep-10,3.79
10-Sep-10,3.79
13-Sep-10,3.83
14-Sep-10,3.98
15-Sep-10,4.06
16-Sep-10,4.09
17-Sep-10,4.11
20-Sep-10,4.01
21-Sep-10,3.95
22-Sep-10,4.02
23-Sep-10,4.08
24-Sep-10,3.97
27-Sep-10,3.8
28-Sep-10,3.8
29-Sep-10,3.81
30-Sep-10,3.85
1-Oct-10,3.67
4-Oct-10,3.56
5-Oct-10,3.51
6-Oct-10,3.56
7-Oct-10,3.62
8-Oct-10,3.36
11-Oct-10,3.43
12-Oct-10,3.4
13-Oct-10,3.58
14-Oct-10,3.58
15-Oct-10,3.47
18-Oct-10,3.36
19-Oct-10,3.36
20-Oct-10,3.46
21-Oct-10,3.46
22-Oct-10,3.19
25-Oct-10,3.18
26-Oct-10,3.28
27-Oct-10,3.37
28-Oct-10,3.36
29-Oct-10,3.36
1-Nov-10,3.42
2-Nov-10,3.2
3-Nov-10,3.35
4-Nov-10,3.53
5-Nov-10,3.47
8-Nov-10,3.49
9-Nov-10,3.76
10-Nov-10,4
11-Nov-10,3.73
12-Nov-10,3.5
15-Nov-10,3.56
16-Nov-10,3.66
17-Nov-10,3.77
18-Nov-10,3.89
19-Nov-10,3.79
22-Nov-10,4.02
23-Nov-10,3.93
24-Nov-10,3.82
26-Nov-10,3.82
29-Nov-10,4.12
30-Nov-10,4.16
1-Dec-10,4.21
2-Dec-10,4.28
3-Dec-10,4.23
6-Dec-10,4.47
7-Dec-10,4.48
8-Dec-10,4.47
9-Dec-10,4.52
10-Dec-10,4.37
13-Dec-10,4.55
14-Dec-10,4.35
15-Dec-10,4.22
16-Dec-10,4.19
17-Dec-10,3.99
20-Dec-10,4.1
21-Dec-10,4.17
22-Dec-10,4.01
23-Dec-10,4.08
27-Dec-10,4.05
28-Dec-10,4.1
29-Dec-10,4.19
30-Dec-10,4.22
31-Dec-10,4.22
3-Jan-11,4.54
4-Jan-11,4.61
5-Jan-11,4.52
6-Jan-11,4.49
7-Jan-11,4.42
10-Jan-11,4.49
11-Jan-11,4.42
12-Jan-11,4.55
13-Jan-11,4.48
14-Jan-11,4.38
18-Jan-11,4.52
19-Jan-11,4.48
20-Jan-11,4.57
21-Jan-11,4.72
24-Jan-11,4.72
25-Jan-11,4.46
26-Jan-11,4.4
27-Jan-11,4.41
28-Jan-11,4.27
31-Jan-11,4.42
1-Feb-11,4.42
2-Feb-11,4.55
3-Feb-11,4.69
4-Feb-11,4.48
7-Feb-11,4.32
8-Feb-11,4.24
9-Feb-11,4.22
10-Feb-11,4.11
11-Feb-11,3.96
14-Feb-11,3.89
15-Feb-11,3.92
16-Feb-11,3.93
17-Feb-11,3.9
18-Feb-11,3.84
22-Feb-11,3.89
23-Feb-11,3.83
24-Feb-11,3.83
25-Feb-11,3.81
28-Feb-11,3.93
1-Mar-11,3.93
2-Mar-11,3.79
3-Mar-11,3.75
4-Mar-11,3.7
7-Mar-11,3.73
8-Mar-11,3.83
9-Mar-11,3.81
10-Mar-11,3.87
11-Mar-11,3.78
14-Mar-11,3.9
15-Mar-11,3.81
16-Mar-11,3.86
17-Mar-11,3.85
18-Mar-11,3.98
21-Mar-11,3.99
22-Mar-11,4.05
23-Mar-11,4.18
24-Mar-11,4.27
25-Mar-11,4.13
28-Mar-11,4.35
29-Mar-11,4.27
30-Mar-11,4.25
31-Mar-11,4.32
1-Apr-11,4.32
4-Apr-11,4.21
5-Apr-11,4.22
6-Apr-11,4.17
7-Apr-11,4.12
8-Apr-11,4.05
11-Apr-11,4.05
12-Apr-11,4.08
13-Apr-11,4.14
14-Apr-11,4.12
15-Apr-11,4.21
18-Apr-11,4.23
19-Apr-11,4.19
20-Apr-11,4.33
21-Apr-11,4.33
25-Apr-11,4.37
26-Apr-11,4.32
27-Apr-11,4.35
28-Apr-11,4.38
29-Apr-11,4.51
2-May-11,4.6
3-May-11,4.6
4-May-11,4.59
5-May-11,4.49
6-May-11,4.24
9-May-11,4.28
10-May-11,4.19
11-May-11,4.23
12-May-11,4.1
13-May-11,4.09
16-May-11,4.21
17-May-11,4.25
18-May-11,4.15
19-May-11,4.1
20-May-11,4.05
23-May-11,4.27
24-May-11,4.37
25-May-11,4.36
26-May-11,4.37
27-May-11,4.36
31-May-11,4.63
1-Jun-11,4.62
2-Jun-11,4.64
3-Jun-11,4.72
6-Jun-11,4.83
7-Jun-11,4.83
8-Jun-11,4.83
9-Jun-11,4.92
10-Jun-11,4.72
13-Jun-11,4.75
14-Jun-11,4.59
15-Jun-11,4.53
16-Jun-11,4.54
17-Jun-11,4.39
20-Jun-11,4.33
21-Jun-11,4.37
22-Jun-11,4.42
23-Jun-11,4.31
24-Jun-11,4.2
27-Jun-11,4.25
28-Jun-11,4.34
29-Jun-11,4.4
30-Jun-11,4.28
1-Jul-11,4.33
5-Jul-11,4.4
6-Jul-11,4.34
7-Jul-11,4.25
8-Jul-11,4.19
11-Jul-11,4.35
12-Jul-11,4.38
13-Jul-11,4.43
14-Jul-11,4.42
15-Jul-11,4.49
18-Jul-11,4.6
19-Jul-11,4.6
20-Jul-11,4.64
21-Jul-11,4.58
22-Jul-11,4.46
25-Jul-11,4.45
26-Jul-11,4.43
27-Jul-11,4.46
28-Jul-11,4.41
29-Jul-11,4.26
1-Aug-11,4.29
2-Aug-11,4.3
3-Aug-11,4.26
4-Aug-11,4.2
5-Aug-11,4
8-Aug-11,4
9-Aug-11,4.06
10-Aug-11,4.09
11-Aug-11,4.06
12-Aug-11,4.17
15-Aug-11,4.05
16-Aug-11,4.03
17-Aug-11,3.98
18-Aug-11,3.98
19-Aug-11,3.99
22-Aug-11,3.97
23-Aug-11,4.01
24-Aug-11,4.1
25-Aug-11,4.01
26-Aug-11,3.96
29-Aug-11,3.93
30-Aug-11,3.85
31-Aug-11,3.97
1-Sep-11,4.18
2-Sep-11,4.12
6-Sep-11,3.93
7-Sep-11,3.96
8-Sep-11,3.99
9-Sep-11,3.96
12-Sep-11,3.92
13-Sep-11,3.96
14-Sep-11,4.01
15-Sep-11,4.04
16-Sep-11,3.84
19-Sep-11,3.78
20-Sep-11,3.84
21-Sep-11,3.78
22-Sep-11,3.72
23-Sep-11,3.74
26-Sep-11,3.8
27-Sep-11,3.92
28-Sep-11,3.88
29-Sep-11,3.77
30-Sep-11,3.68
3-Oct-11,3.57
4-Oct-11,3.56
5-Oct-11,3.63
6-Oct-11,3.49
7-Oct-11,3.4
10-Oct-11,3.41
11-Oct-11,3.52
12-Oct-11,3.54
13-Oct-11,3.42
14-Oct-11,3.49
17-Oct-11,3.72
18-Oct-11,3.63
19-Oct-11,3.59
20-Oct-11,3.61
21-Oct-11,3.54
24-Oct-11,3.61
25-Oct-11,3.62
26-Oct-11,3.65
27-Oct-11,3.59
28-Oct-11,3.63
31-Oct-11,3.66
1-Nov-11,3.49
2-Nov-11,3.39
3-Nov-11,3.39
4-Nov-11,3.44
7-Nov-11,3.35
8-Nov-11,3.42
9-Nov-11,3.55
10-Nov-11,3.48
11-Nov-11,3.29
14-Nov-11,3.17
15-Nov-11,3.12
16-Nov-11,3.11
17-Nov-11,3.11
18-Nov-11,3.01
21-Nov-11,2.94
22-Nov-11,3.06
23-Nov-11,2.84
25-Nov-11,2.84
28-Nov-11,3.09
29-Nov-11,3.39
30-Nov-11,3.53
1-Dec-11,3.49
2-Dec-11,3.35
5-Dec-11,3.38
6-Dec-11,3.43
7-Dec-11,3.45
8-Dec-11,3.42
9-Dec-11,3.29
12-Dec-11,3.13
13-Dec-11,3.12
14-Dec-11,3.08
15-Dec-11,3.05
16-Dec-11,3.01
19-Dec-11,3.03
20-Dec-11,3.06
21-Dec-11,3.05
22-Dec-11,3.08
23-Dec-11,2.97
27-Dec-11,3.09
28-Dec-11,3.07
29-Dec-11,3.03
30-Dec-11,2.98
3-Jan-12,2.97
4-Jan-12,2.96
5-Jan-12,2.91
6-Jan-12,2.85
9-Jan-12,2.89
10-Jan-12,2.97
11-Jan-12,2.81
12-Jan-12,2.7
13-Jan-12,2.67
17-Jan-12,2.51
18-Jan-12,2.49
19-Jan-12,2.36
20-Jan-12,2.23
23-Jan-12,2.39
24-Jan-12,2.6
25-Jan-12,2.61
26-Jan-12,2.68
27-Jan-12,2.59
30-Jan-12,2.71
31-Jan-12,2.51
1-Feb-12,2.32
2-Feb-12,2.3
3-Feb-12,2.4
6-Feb-12,2.46
7-Feb-12,2.6
8-Feb-12,2.48
9-Feb-12,2.5
10-Feb-12,2.51
13-Feb-12,2.42
14-Feb-12,2.48
15-Feb-12,2.54
16-Feb-12,2.47
17-Feb-12,2.67
21-Feb-12,2.63
22-Feb-12,2.6
23-Feb-12,2.68
24-Feb-12,2.6
27-Feb-12,2.55
28-Feb-12,2.44
29-Feb-12,2.44
1-Mar-12,2.45
2-Mar-12,2.38
5-Mar-12,2.31
6-Mar-12,2.3
7-Mar-12,2.24
8-Mar-12,2.24
9-Mar-12,2.21
12-Mar-12,2.17
13-Mar-12,2.15
14-Mar-12,2.13
15-Mar-12,2.07
16-Mar-12,2.01
19-Mar-12,2.14
20-Mar-12,2.19
21-Mar-12,2.21
22-Mar-12,2.19
23-Mar-12,2.07
26-Mar-12,2.16
27-Mar-12,2.09
28-Mar-12,2.05
29-Mar-12,2.02
30-Mar-12,2
2-Apr-12,1.88
3-Apr-12,1.94
4-Apr-12,2.06
5-Apr-12,1.98
9-Apr-12,1.99
10-Apr-12,1.99
11-Apr-12,1.91
12-Apr-12,1.87
13-Apr-12,1.87
16-Apr-12,1.88
17-Apr-12,1.89
18-Apr-12,1.87
19-Apr-12,1.85
20-Apr-12,1.82
23-Apr-12,1.89
24-Apr-12,1.97
25-Apr-12,1.99
26-Apr-12,2.1
27-Apr-12,2.05
30-Apr-12,2.1
1-May-12,2.29
2-May-12,2.31
3-May-12,2.29
4-May-12,2.3
7-May-12,2.3
8-May-12,2.27
9-May-12,2.36
10-May-12,2.36
11-May-12,2.37
14-May-12,2.41
15-May-12,2.38
16-May-12,2.5
17-May-12,2.6
18-May-12,2.56
21-May-12,2.6
22-May-12,2.55
23-May-12,2.6
24-May-12,2.66
25-May-12,2.56
29-May-12,2.5
30-May-12,2.39
31-May-12,2.34
1-Jun-12,2.24
4-Jun-12,2.32
5-Jun-12,2.39
6-Jun-12,2.41
7-Jun-12,2.33
8-Jun-12,2.22
11-Jun-12,2.22
12-Jun-12,2.17
13-Jun-12,2.18
14-Jun-12,2.2
15-Jun-12,2.44
18-Jun-12,2.45
19-Jun-12,2.59
20-Jun-12,2.6
21-Jun-12,2.48
22-Jun-12,2.5
25-Jun-12,2.7
26-Jun-12,2.7
27-Jun-12,2.87
28-Jun-12,2.81
29-Jun-12,2.74
2-Jul-12,2.73
3-Jul-12,2.78
5-Jul-12,2.9
6-Jul-12,2.94
9-Jul-12,2.79
10-Jul-12,2.87
11-Jul-12,2.72
12-Jul-12,2.83
13-Jul-12,2.88
16-Jul-12,2.92
17-Jul-12,2.83
18-Jul-12,2.84
19-Jul-12,2.99
20-Jul-12,3.03
23-Jul-12,3.05
24-Jul-12,3.16
25-Jul-12,3.19
26-Jul-12,3.13
27-Jul-12,3.1
30-Jul-12,3.14
31-Jul-12,3.2
1-Aug-12,3.2
2-Aug-12,3.16
3-Aug-12,2.91
6-Aug-12,2.9
7-Aug-12,2.99
8-Aug-12,2.97
9-Aug-12,2.89
10-Aug-12,2.84
13-Aug-12,2.77
14-Aug-12,2.79
15-Aug-12,2.82
16-Aug-12,2.78
17-Aug-12,2.7
20-Aug-12,2.75
21-Aug-12,2.8
22-Aug-12,2.8
23-Aug-12,2.81
24-Aug-12,2.81
27-Aug-12,2.8
28-Aug-12,2.71
29-Aug-12,2.64
30-Aug-12,2.72
31-Aug-12,2.72
4-Sep-12,2.81
5-Sep-12,2.87
6-Sep-12,2.85
7-Sep-12,2.73
10-Sep-12,2.66
11-Sep-12,2.82
12-Sep-12,2.96
13-Sep-12,3.01
14-Sep-12,2.94
17-Sep-12,2.83
18-Sep-12,2.74
19-Sep-12,2.7
20-Sep-12,2.76
21-Sep-12,2.76
24-Sep-12,2.82
25-Sep-12,2.84
26-Sep-12,2.92
27-Sep-12,3.01
28-Sep-12,3.08
1-Oct-12,3.19
2-Oct-12,3.21
3-Oct-12,3.21
4-Oct-12,3.23
5-Oct-12,3.26
8-Oct-12,3.18
9-Oct-12,3.18
10-Oct-12,3.26
11-Oct-12,3.28
12-Oct-12,3.38
15-Oct-12,3.35
16-Oct-12,3.27
17-Oct-12,3.24
18-Oct-12,3.28
19-Oct-12,3.43
22-Oct-12,3.49
23-Oct-12,3.34
24-Oct-12,3.43
25-Oct-12,3.39
26-Oct-12,3.38
29-Oct-12,3.4
30-Oct-12,3.42
31-Oct-12,3.5
1-Nov-12,3.5
2-Nov-12,3.4
5-Nov-12,3.34
6-Nov-12,3.41
7-Nov-12,3.47
8-Nov-12,3.45
9-Nov-12,3.33
12-Nov-12,3.4
13-Nov-12,3.57
14-Nov-12,3.66
15-Nov-12,3.63
16-Nov-12,3.46
19-Nov-12,3.63
20-Nov-12,3.62
21-Nov-12,3.59
23-Nov-12,3.59
26-Nov-12,3.75
27-Nov-12,3.77
28-Nov-12,3.71
29-Nov-12,3.61
30-Nov-12,3.46
3-Dec-12,3.44
4-Dec-12,3.38
5-Dec-12,3.41
6-Dec-12,3.48
7-Dec-12,3.33
10-Dec-12,3.35
11-Dec-12,3.39
12-Dec-12,3.33
13-Dec-12,3.27
14-Dec-12,3.15
17-Dec-12,3.2
18-Dec-12,3.29
19-Dec-12,3.25
20-Dec-12,3.35
21-Dec-12,3.42
24-Dec-12,3.3
26-Dec-12,3.35
27-Dec-12,3.31
28-Dec-12,3.4
31-Dec-12,3.43
2-Jan-13,3.3
3-Jan-13,3.19
4-Jan-13,3.2
7-Jan-13,3.3
8-Jan-13,3.21
9-Jan-13,3.14
10-Jan-13,3.08
11-Jan-13,3.18
14-Jan-13,3.39
15-Jan-13,3.4
16-Jan-13,3.43
17-Jan-13,3.44
18-Jan-13,3.54
22-Jan-13,3.63
23-Jan-13,3.53
24-Jan-13,3.56
25-Jan-13,3.42
28-Jan-13,3.25
29-Jan-13,3.14
30-Jan-13,3.24
31-Jan-13,3.33
1-Feb-13,3.34
4-Feb-13,3.27
5-Feb-13,3.34
6-Feb-13,3.41
7-Feb-13,3.39
8-Feb-13,3.26
11-Feb-13,3.2
12-Feb-13,3.3
13-Feb-13,3.29
14-Feb-13,3.3
15-Feb-13,3.19
19-Feb-13,3.23
20-Feb-13,3.34
21-Feb-13,3.29
22-Feb-13,3.27
25-Feb-13,3.42
26-Feb-13,3.46
27-Feb-13,3.49
28-Feb-13,3.48
1-Mar-13,3.54
4-Mar-13,3.53
5-Mar-13,3.63
6-Mar-13,3.57
7-Mar-13,3.54
8-Mar-13,3.57
11-Mar-13,3.64
12-Mar-13,3.71
13-Mar-13,3.72
14-Mar-13,3.74
15-Mar-13,3.89
18-Mar-13,3.98
19-Mar-13,3.96
20-Mar-13,3.97
21-Mar-13,4.01
22-Mar-13,4.01
25-Mar-13,4.08
26-Mar-13,3.99
27-Mar-13,4.08
28-Mar-13,4.03
1-Apr-13,3.97
2-Apr-13,4.07
3-Apr-13,4
4-Apr-13,3.94
5-Apr-13,3.98
8-Apr-13,4.18
9-Apr-13,4.08
10-Apr-13,4.07
11-Apr-13,4.11
12-Apr-13,4.21
15-Apr-13,4.23
16-Apr-13,4.19
17-Apr-13,4.24
18-Apr-13,4.23
19-Apr-13,4.38
22-Apr-13,4.33
23-Apr-13,4.27
24-Apr-13,4.25
25-Apr-13,4.19
26-Apr-13,4.16
29-Apr-13,4.28
30-Apr-13,4.3
1-May-13,4.31
2-May-13,4.28
3-May-13,3.98
6-May-13,3.93
7-May-13,3.88
8-May-13,3.86
9-May-13,3.87
10-May-13,3.9
13-May-13,3.87
14-May-13,3.93
15-May-13,4.03
16-May-13,4.01
17-May-13,3.89
20-May-13,4.1
21-May-13,4.13
22-May-13,4.16
23-May-13,4.15
24-May-13,4.15
28-May-13,4.19
29-May-13,4.15
30-May-13,4.12
31-May-13,4.02
3-Jun-13,4
4-Jun-13,4
5-Jun-13,3.99
6-Jun-13,3.93
7-Jun-13,3.79
10-Jun-13,3.85
11-Jun-13,3.77
12-Jun-13,3.74
13-Jun-13,3.73
14-Jun-13,3.76
17-Jun-13,3.78
18-Jun-13,3.9
19-Jun-13,3.93
20-Jun-13,3.9
21-Jun-13,3.85
24-Jun-13,3.81
25-Jun-13,3.77
26-Jun-13,3.72
27-Jun-13,3.73
28-Jun-13,3.57
1-Jul-13,3.52
2-Jul-13,3.58
3-Jul-13,3.54
5-Jul-13,3.52
8-Jul-13,3.65
9-Jul-13,3.69
10-Jul-13,3.69
11-Jul-13,3.64
12-Jul-13,3.61
15-Jul-13,3.67
16-Jul-13,3.69
17-Jul-13,3.67
18-Jul-13,3.66
19-Jul-13,3.78
22-Jul-13,3.71
23-Jul-13,3.68
24-Jul-13,3.7
25-Jul-13,3.68
26-Jul-13,3.59
29-Jul-13,3.49
30-Jul-13,3.48
31-Jul-13,3.46
1-Aug-13,3.44
2-Aug-13,3.39
5-Aug-13,3.33
6-Aug-13,3.35
7-Aug-13,3.32
8-Aug-13,3.27
9-Aug-13,3.32
12-Aug-13,3.34
13-Aug-13,3.34
14-Aug-13,3.36
15-Aug-13,3.34
16-Aug-13,3.35
19-Aug-13,3.46
20-Aug-13,3.48
21-Aug-13,3.51
22-Aug-13,3.52
23-Aug-13,3.5
26-Aug-13,3.55
27-Aug-13,3.5
28-Aug-13,3.54
29-Aug-13,3.58
30-Aug-13,3.57
3-Sep-13,3.64
4-Sep-13,3.68
5-Sep-13,3.7
6-Sep-13,3.55
9-Sep-13,3.62
10-Sep-13,3.65
11-Sep-13,3.6
12-Sep-13,3.57
13-Sep-13,3.6
16-Sep-13,3.64
17-Sep-13,3.77
18-Sep-13,3.72
19-Sep-13,3.73
20-Sep-13,3.68
23-Sep-13,3.66
24-Sep-13,3.59
25-Sep-13,3.52
26-Sep-13,3.49
27-Sep-13,3.51
30-Sep-13,3.48
1-Oct-13,3.56
2-Oct-13,3.63
3-Oct-13,3.58
4-Oct-13,3.57
7-Oct-13,3.62
8-Oct-13,3.72
9-Oct-13,3.7
10-Oct-13,3.74
11-Oct-13,3.74
14-Oct-13,3.82
15-Oct-13,3.83
16-Oct-13,3.84
17-Oct-13,3.75
18-Oct-13,3.72
21-Oct-13,3.77
22-Oct-13,3.7
23-Oct-13,3.66
24-Oct-13,3.65
25-Oct-13,3.69
28-Oct-13,3.61
29-Oct-13,3.57
30-Oct-13,3.55
31-Oct-13,3.57
1-Nov-13,3.45
4-Nov-13,3.38
5-Nov-13,3.37
6-Nov-13,3.46
7-Nov-13,3.59
8-Nov-13,3.54
11-Nov-13,3.62
12-Nov-13,3.69
13-Nov-13,3.69
14-Nov-13,3.52
15-Nov-13,3.56
18-Nov-13,3.71
19-Nov-13,3.63
20-Nov-13,3.63
21-Nov-13,3.68
22-Nov-13,3.78
25-Nov-13,3.85
26-Nov-13,3.87
27-Nov-13,3.87
29-Nov-13,3.87
2-Dec-13,3.85
3-Dec-13,3.84
4-Dec-13,3.89
5-Dec-13,3.97
6-Dec-13,4.15
9-Dec-13,4.24
10-Dec-13,4.24
11-Dec-13,4.24
12-Dec-13,4.4
13-Dec-13,4.44
16-Dec-13,4.21
17-Dec-13,4.2
18-Dec-13,4.25
19-Dec-13,4.25
20-Dec-13,4.35
23-Dec-13,4.52
24-Dec-13,4.52
26-Dec-13,4.4
27-Dec-13,4.34
30-Dec-13,4.41
31-Dec-13,4.31
2-Jan-14,4.32
3-Jan-14,4.39
6-Jan-14,4.5
7-Jan-14,4.58
8-Jan-14,4.36
9-Jan-14,4.15
10-Jan-14,3.95
13-Jan-14,4.19
14-Jan-14,4.36
15-Jan-14,4.45
16-Jan-14,4.55
17-Jan-14,4.39
21-Jan-14,4.61
22-Jan-14,4.92
23-Jan-14,5.64
24-Jan-14,5.17
27-Jan-14,5.66
28-Jan-14,5.25
29-Jan-14,5.23
30-Jan-14,5.27
31-Jan-14,5.04
3-Feb-14,5.04
4-Feb-14,5.78
5-Feb-14,8.12
6-Feb-14,6.9
7-Feb-14,5.92
10-Feb-14,8.15
11-Feb-14,7.75
12-Feb-14,5.96
13-Feb-14,5.34
14-Feb-14,5.54
18-Feb-14,5.8
19-Feb-14,6
20-Feb-14,5.96
21-Feb-14,6.24
24-Feb-14,6.08
25-Feb-14,5.21
26-Feb-14,4.81
27-Feb-14,4.61
28-Feb-14,4.8
3-Mar-14,7.09
4-Mar-14,7.98
5-Mar-14,6.46
6-Mar-14,4.89
7-Mar-14,4.78
10-Mar-14,4.67
11-Mar-14,4.67
12-Mar-14,4.72
13-Mar-14,4.41
14-Mar-14,4.4
17-Mar-14,4.57
18-Mar-14,4.42
19-Mar-14,4.43
20-Mar-14,4.39
21-Mar-14,4.33
24-Mar-14,4.42
25-Mar-14,4.53
26-Mar-14,4.44
27-Mar-14,4.39
28-Mar-14,4.5
31-Mar-14,4.48
1-Apr-14,4.39
2-Apr-14,4.39
3-Apr-14,4.51
4-Apr-14,4.49
7-Apr-14,4.58
8-Apr-14,4.57
9-Apr-14,4.67
10-Apr-14,4.67
11-Apr-14,4.67
14-Apr-14,4.64
15-Apr-14,4.69
16-Apr-14,4.64
17-Apr-14,4.64
21-Apr-14,4.76
22-Apr-14,4.76
23-Apr-14,4.81
24-Apr-14,4.81
25-Apr-14,4.83
28-Apr-14,4.72
29-Apr-14,4.78
30-Apr-14,4.79
1-May-14,4.79
2-May-14,4.73
5-May-14,4.73
6-May-14,4.8
7-May-14,4.82
8-May-14,4.77
9-May-14,4.59
12-May-14,4.52
13-May-14,4.47
14-May-14,4.47
15-May-14,4.42
16-May-14,4.42
19-May-14,4.54
20-May-14,4.53
21-May-14,4.57
22-May-14,4.57
23-May-14,4.4
27-May-14,4.4
28-May-14,4.56
29-May-14,4.63
30-May-14,4.49
2-Jun-14,4.49
3-Jun-14,4.62
4-Jun-14,4.62
5-Jun-14,4.66
6-Jun-14,4.66
9-Jun-14,4.67
10-Jun-14,4.67
11-Jun-14,4.51
12-Jun-14,4.51
13-Jun-14,4.7
16-Jun-14,4.71
17-Jun-14,4.68
18-Jun-14,4.68
19-Jun-14,4.67
20-Jun-14,4.53
23-Jun-14,4.53
24-Jun-14,4.49
25-Jun-14,4.58
26-Jun-14,4.58
27-Jun-14,4.39
30-Jun-14,4.39
1-Jul-14,4.47
2-Jul-14,4.47
3-Jul-14,4.31
7-Jul-14,4.31
8-Jul-14,4.18
9-Jul-14,4.17
10-Jul-14,4.15
11-Jul-14,4.13
14-Jul-14,4.13
15-Jul-14,4.13
16-Jul-14,4.16
17-Jul-14,4.04
18-Jul-14,4.08
21-Jul-14,3.87
22-Jul-14,3.81
23-Jul-14,3.83
24-Jul-14,3.83
25-Jul-14,3.86
28-Jul-14,3.84
29-Jul-14,3.79
30-Jul-14,3.78
31-Jul-14,3.78
1-Aug-14,3.77
4-Aug-14,3.87
5-Aug-14,3.87
6-Aug-14,3.92
7-Aug-14,3.99
8-Aug-14,3.94
11-Aug-14,4
12-Aug-14,3.94
13-Aug-14,3.9
14-Aug-14,3.85
15-Aug-14,3.8
18-Aug-14,3.78
19-Aug-14,3.84
20-Aug-14,3.88
21-Aug-14,3.88
22-Aug-14,3.88
25-Aug-14,3.94
26-Aug-14,3.99
27-Aug-14,4.02
28-Aug-14,4.06
29-Aug-14,4.04
2-Sep-14,4.01
3-Sep-14,3.94
4-Sep-14,3.91
5-Sep-14,3.86
8-Sep-14,3.86
9-Sep-14,3.93
10-Sep-14,3.98
11-Sep-14,3.94
12-Sep-14,3.82
15-Sep-14,3.92
16-Sep-14,3.85
17-Sep-14,3.97
18-Sep-14,3.99
19-Sep-14,3.99
22-Sep-14,3.88
23-Sep-14,3.9
24-Sep-14,3.84
25-Sep-14,3.89
26-Sep-14,3.89
29-Sep-14,3.89
30-Sep-14,4.14
1-Oct-14,4.14
2-Oct-14,4
3-Oct-14,3.94
6-Oct-14,3.89
7-Oct-14,3.88
8-Oct-14,3.88
9-Oct-14,3.87
10-Oct-14,3.86
13-Oct-14,3.87
14-Oct-14,3.91
15-Oct-14,3.81
16-Oct-14,3.8
17-Oct-14,3.73
20-Oct-14,3.69
21-Oct-14,3.62
22-Oct-14,3.69
23-Oct-14,3.6
24-Oct-14,3.53
27-Oct-14,3.56
28-Oct-14,3.53
29-Oct-14,3.6
30-Oct-14,3.76
31-Oct-14,3.82
3-Nov-14,3.82
4-Nov-14,3.67
5-Nov-14,3.83
6-Nov-14,3.92
7-Nov-14,3.92
10-Nov-14,4.18
11-Nov-14,4.18
12-Nov-14,4.2
13-Nov-14,4.2
14-Nov-14,4.05
17-Nov-14,4.26
18-Nov-14,4.33
19-Nov-14,4.41
20-Nov-14,4.41
21-Nov-14,4.32
24-Nov-14,4.09
25-Nov-14,4.09
26-Nov-14,4.15
28-Nov-14,4.3
1-Dec-14,4.3
2-Dec-14,3.77
3-Dec-14,3.63
4-Dec-14,3.63
5-Dec-14,3.42
8-Dec-14,3.42
9-Dec-14,3.63
10-Dec-14,3.65
11-Dec-14,3.68
12-Dec-14,3.91
15-Dec-14,3.72
16-Dec-14,3.58
17-Dec-14,3.72
18-Dec-14,3.71
19-Dec-14,3.71
22-Dec-14,3.05
23-Dec-14,2.99
24-Dec-14,2.99
26-Dec-14,2.74
29-Dec-14,3.07
30-Dec-14,3.14
31-Dec-14,3.14
2-Jan-15,3.01
5-Jan-15,3.22
6-Jan-15,2.98
7-Jan-15,3.08
8-Jan-15,2.92
9-Jan-15,2.96
12-Jan-15,2.9
13-Jan-15,2.92
14-Jan-15,3.15
15-Jan-15,3.32
16-Jan-15,3.11
20-Jan-15,2.94
21-Jan-15,2.94
22-Jan-15,2.95
23-Jan-15,2.96
26-Jan-15,2.92
27-Jan-15,2.96
28-Jan-15,2.89
29-Jan-15,2.88
30-Jan-15,2.88
2-Feb-15,2.88
3-Feb-15,2.67
4-Feb-15,2.73
5-Feb-15,2.66
6-Feb-15,2.66
9-Feb-15,2.62
10-Feb-15,2.67
11-Feb-15,2.86
12-Feb-15,2.86
13-Feb-15,2.75
17-Feb-15,2.75
18-Feb-15,2.92
19-Feb-15,2.92
20-Feb-15,3.02
23-Feb-15,3.22
24-Feb-15,3.22
25-Feb-15,3.21
26-Feb-15,3.21
27-Feb-15,2.79
2-Mar-15,2.79
3-Mar-15,3
4-Mar-15,3.27
5-Mar-15,3.27
6-Mar-15,2.89
9-Mar-15,2.75
10-Mar-15,2.76
11-Mar-15,2.76
12-Mar-15,2.82
13-Mar-15,2.72
16-Mar-15,2.68
17-Mar-15,2.82
18-Mar-15,2.8
19-Mar-15,2.86
20-Mar-15,2.86
23-Mar-15,2.72
24-Mar-15,2.79
25-Mar-15,2.77
26-Mar-15,2.77
27-Mar-15,2.89
30-Mar-15,2.64
31-Mar-15,2.65
1-Apr-15,2.62
2-Apr-15,2.63
6-Apr-15,2.63
7-Apr-15,2.71
8-Apr-15,2.71
9-Apr-15,2.72
10-Apr-15,2.58
13-Apr-15,2.58
14-Apr-15,2.58
15-Apr-15,2.62
16-Apr-15,2.61
17-Apr-15,2.67
20-Apr-15,2.57
21-Apr-15,2.59
22-Apr-15,2.63
23-Apr-15,2.59
24-Apr-15,2.59
27-Apr-15,2.5
28-Apr-15,2.55
29-Apr-15,2.55
30-Apr-15,2.56
1-May-15,2.68
4-May-15,2.72
5-May-15,2.76
6-May-15,2.76
7-May-15,2.74
8-May-15,2.78
11-May-15,2.85
12-May-15,2.85
13-May-15,2.85
14-May-15,2.87
15-May-15,2.96
18-May-15,3.01
19-May-15,3.01
20-May-15,3.04
21-May-15,2.96
22-May-15,2.96
26-May-15,2.82
27-May-15,2.82
28-May-15,2.78
29-May-15,2.78
1-Jun-15,2.78
2-Jun-15,2.63
3-Jun-15,2.65
4-Jun-15,2.6
5-Jun-15,2.6
8-Jun-15,2.6
9-Jun-15,2.72
10-Jun-15,2.81
11-Jun-15,2.88
12-Jun-15,2.88
15-Jun-15,2.89
16-Jun-15,2.94
17-Jun-15,2.93
18-Jun-15,2.93
19-Jun-15,2.81
22-Jun-15,2.79
23-Jun-15,2.83
24-Jun-15,2.83
25-Jun-15,2.8
26-Jun-15,2.77
29-Jun-15,2.77
30-Jun-15,2.8
1-Jul-15,2.78
2-Jul-15,2.79
3-Jul-15,2.79
6-Jul-15,2.79
7-Jul-15,2.77
8-Jul-15,2.77
9-Jul-15,2.7
10-Jul-15,2.7
13-Jul-15,2.88
14-Jul-15,2.88
15-Jul-15,2.93
16-Jul-15,2.9
17-Jul-15,2.88
20-Jul-15,2.88
21-Jul-15,2.84
22-Jul-15,2.84
23-Jul-15,2.92
24-Jul-15,2.92
27-Jul-15,2.92
28-Jul-15,2.89
29-Jul-15,2.91
30-Jul-15,2.87
31-Jul-15,2.76
3-Aug-15,2.76
4-Aug-15,2.83
5-Aug-15,2.85
6-Aug-15,2.76
7-Aug-15,2.76
10-Aug-15,2.85
11-Aug-15,2.84
12-Aug-15,2.93
13-Aug-15,2.93
14-Aug-15,2.83
17-Aug-15,2.79
18-Aug-15,2.71
19-Aug-15,2.77
20-Aug-15,2.77
21-Aug-15,2.7
24-Aug-15,2.65
25-Aug-15,2.71
26-Aug-15,2.73
27-Aug-15,2.69
28-Aug-15,2.69
31-Aug-15,2.7
1-Sep-15,2.7
2-Sep-15,2.7
3-Sep-15,2.67
4-Sep-15,2.67
7-Sep-15,2.67
8-Sep-15,2.74
9-Sep-15,2.74
10-Sep-15,2.71
11-Sep-15,2.67
14-Sep-15,2.7
15-Sep-15,2.74
16-Sep-15,2.69
17-Sep-15,2.69
18-Sep-15,2.69
21-Sep-15,2.61
22-Sep-15,2.61
23-Sep-15,2.62
24-Sep-15,2.62
25-Sep-15,2.6
28-Sep-15,2.66
29-Sep-15,2.57
30-Sep-15,2.47
1-Oct-15,2.37
2-Oct-15,2.37
5-Oct-15,2.34
6-Oct-15,2.35
7-Oct-15,2.35
8-Oct-15,2.35
9-Oct-15,2.49
12-Oct-15,2.48
13-Oct-15,2.47
14-Oct-15,2.47
15-Oct-15,2.54
16-Oct-15,2.42
19-Oct-15,2.43
20-Oct-15,2.46
21-Oct-15,2.37
22-Oct-15,2.37
23-Oct-15,2.28
26-Oct-15,2.18
27-Oct-15,2.14
28-Oct-15,2.14
29-Oct-15,2.15
30-Oct-15,1.98
2-Nov-15,1.92
3-Nov-15,1.92
4-Nov-15,2.04
5-Nov-15,2.04
6-Nov-15,2.19
9-Nov-15,2.19
10-Nov-15,2.14
11-Nov-15,2.13
12-Nov-15,2.05
13-Nov-15,2.02
16-Nov-15,2.02
17-Nov-15,2.05
18-Nov-15,2.1
19-Nov-15,2.1
20-Nov-15,2.18
23-Nov-15,2.18
24-Nov-15,2.14
25-Nov-15,2.14
26-Nov-15,2.14
27-Nov-15,2.14
30-Nov-15,2.11
1-Dec-15,2.11
2-Dec-15,2.19
3-Dec-15,2.14
4-Dec-15,2.1
7-Dec-15,2.06
8-Dec-15,2.01
9-Dec-15,2
10-Dec-15,1.95
11-Dec-15,1.79
14-Dec-15,1.7
15-Dec-15,1.66
16-Dec-15,1.7
17-Dec-15,1.79
18-Dec-15,1.74
21-Dec-15,1.76
22-Dec-15,1.73
23-Dec-15,1.63
24-Dec-15,1.63
25-Dec-15,1.63
28-Dec-15,2.11
29-Dec-15,2.39
30-Dec-15,2.28
31-Dec-15,2.28
1-Jan-16,2.28
4-Jan-16,2.39
5-Jan-16,2.33
6-Jan-16,2.37
7-Jan-16,2.35
8-Jan-16,2.47
11-Jan-16,2.54
12-Jan-16,2.4
13-Jan-16,2.28
14-Jan-16,2.21
15-Jan-16,2.18
18-Jan-16,2.18
19-Jan-16,2.23
20-Jan-16,2.18
21-Jan-16,2.22
22-Jan-16,2.21
25-Jan-16,2.16
26-Jan-16,2.26
27-Jan-16,2.26
28-Jan-16,2.15
29-Jan-16,2.28
1-Feb-16,2.28
2-Feb-16,2.07
3-Feb-16,2.06
4-Feb-16,2.07
5-Feb-16,2.08
8-Feb-16,2.23
9-Feb-16,2.17
10-Feb-16,2.16
11-Feb-16,2.15
12-Feb-16,2.08
15-Feb-16,2.08
16-Feb-16,1.95
17-Feb-16,1.93
18-Feb-16,1.89
19-Feb-16,1.83
22-Feb-16,1.86
23-Feb-16,1.85
24-Feb-16,1.85
25-Feb-16,1.78
26-Feb-16,1.78
29-Feb-16,1.62
1-Mar-16,1.57
2-Mar-16,1.6
3-Mar-16,1.59
4-Mar-16,1.49
7-Mar-16,1.56
8-Mar-16,1.6
9-Mar-16,1.61
10-Mar-16,1.72
11-Mar-16,1.74
14-Mar-16,1.68
15-Mar-16,1.81
16-Mar-16,1.77
17-Mar-16,1.84
18-Mar-16,1.84
21-Mar-16,1.79
22-Mar-16,1.79
23-Mar-16,1.79
24-Mar-16,1.78
25-Mar-16,1.78
28-Mar-16,1.78
29-Mar-16,1.77
30-Mar-16,1.87
31-Mar-16,1.98
1-Apr-16,1.88
4-Apr-16,1.96
5-Apr-16,1.96
6-Apr-16,1.91
7-Apr-16,1.96
8-Apr-16,1.99
11-Apr-16,1.9
12-Apr-16,1.97
13-Apr-16,2.01
14-Apr-16,1.93
15-Apr-16,1.71
18-Apr-16,1.76
19-Apr-16,1.94
20-Apr-16,1.94
21-Apr-16,1.96
22-Apr-16,1.92
25-Apr-16,1.97
26-Apr-16,1.97
27-Apr-16,1.88
28-Apr-16,1.88
29-Apr-16,1.89
2-May-16,1.91
3-May-16,1.94
4-May-16,2.03
5-May-16,2.05
6-May-16,1.86
9-May-16,2.01
10-May-16,2.01
11-May-16,2.01
12-May-16,2.01
13-May-16,1.96
16-May-16,1.91
17-May-16,1.97
18-May-16,1.91
19-May-16,1.83
20-May-16,1.81
23-May-16,1.96
24-May-16,1.91
25-May-16,1.77
26-May-16,1.77
27-May-16,1.77
30-May-16,1.77
31-May-16,2.12
1-Jun-16,2.25
2-Jun-16,2.3
3-Jun-16,2.31
6-Jun-16,2.32
7-Jun-16,2.32
8-Jun-16,2.36
9-Jun-16,2.34
10-Jun-16,2.46
13-Jun-16,2.55
14-Jun-16,2.55
15-Jun-16,2.62
16-Jun-16,2.62
17-Jun-16,2.59
20-Jun-16,2.74
21-Jun-16,2.79
22-Jun-16,2.82
23-Jun-16,2.69
24-Jun-16,2.71
27-Jun-16,2.79
28-Jun-16,2.89
29-Jun-16,2.94
30-Jun-16,2.94
1-Jul-16,2.89
4-Jul-16,2.89
5-Jul-16,2.82
6-Jul-16,2.82
7-Jul-16,2.78
8-Jul-16,2.8
11-Jul-16,2.88
12-Jul-16,2.88
13-Jul-16,2.81
14-Jul-16,2.79
15-Jul-16,2.7
18-Jul-16,2.83
19-Jul-16,2.83
20-Jul-16,2.76
21-Jul-16,2.76
22-Jul-16,2.8
25-Jul-16,2.8
26-Jul-16,2.84
27-Jul-16,2.84
28-Jul-16,2.79
29-Jul-16,2.97
1-Aug-16,2.97
2-Aug-16,2.79
3-Aug-16,2.89
4-Aug-16,2.89
5-Aug-16,2.88
8-Aug-16,2.85
9-Aug-16,2.85
10-Aug-16,2.76
11-Aug-16,2.7
12-Aug-16,2.7
15-Aug-16,2.75
16-Aug-16,2.75
17-Aug-16,2.76
18-Aug-16,2.75
19-Aug-16,2.67
22-Aug-16,2.75
23-Aug-16,2.75
24-Aug-16,2.82
25-Aug-16,2.89
26-Aug-16,2.91
29-Aug-16,2.97
30-Aug-16,2.95
31-Aug-16,2.95
1-Sep-16,2.95
2-Sep-16,2.88
5-Sep-16,2.88
6-Sep-16,2.88
7-Sep-16,2.77
8-Sep-16,2.88
9-Sep-16,2.93
12-Sep-16,3.04
13-Sep-16,3.04
14-Sep-16,3.07
15-Sep-16,2.98
16-Sep-16,2.97
19-Sep-16,3
20-Sep-16,3.12
21-Sep-16,3.19
22-Sep-16,3.18
23-Sep-16,3.06
26-Sep-16,3.06
27-Sep-16,3.09
28-Sep-16,3.07
29-Sep-16,2.98
30-Sep-16,2.84
3-Oct-16,2.84
4-Oct-16,2.83
5-Oct-16,2.83
6-Oct-16,3.04
7-Oct-16,3.02
10-Oct-16,3.18
11-Oct-16,3.17
12-Oct-16,3.17
13-Oct-16,3.16
14-Oct-16,3.18
17-Oct-16,3.21
18-Oct-16,3.25
19-Oct-16,3.18
20-Oct-16,3.12
21-Oct-16,2.92
24-Oct-16,2.78
25-Oct-16,2.69
26-Oct-16,2.69
27-Oct-16,2.72
28-Oct-16,2.72
31-Oct-16,2.85
1-Nov-16,2.53
2-Nov-16,2.53
3-Nov-16,2.41
4-Nov-16,2.2
7-Nov-16,2.37
8-Nov-16,2.34
9-Nov-16,2.22
10-Nov-16,2.08
11-Nov-16,2.08
14-Nov-16,2.26
15-Nov-16,2.49
16-Nov-16,2.49
17-Nov-16,2.37
18-Nov-16,2.6
21-Nov-16,2.81
22-Nov-16,2.73
23-Nov-16,2.76
24-Nov-16,2.76
25-Nov-16,2.76
28-Nov-16,2.96
29-Nov-16,3.02
30-Nov-16,3.32
1-Dec-16,3.32
2-Dec-16,3.44
5-Dec-16,3.44
6-Dec-16,3.75
7-Dec-16,3.8
8-Dec-16,3.68
9-Dec-16,3.75
12-Dec-16,3.6
13-Dec-16,3.65
14-Dec-16,3.55
15-Dec-16,3.56
16-Dec-16,3.51
19-Dec-16,3.55
20-Dec-16,3.39
21-Dec-16,3.5
22-Dec-16,3.5
23-Dec-16,3.6
26-Dec-16,3.6
27-Dec-16,3.7
28-Dec-16,3.7
29-Dec-16,3.71
30-Dec-16,3.71
2-Jan-17,3.71
3-Jan-17,3.41
4-Jan-17,3.42
5-Jan-17,3.42
6-Jan-17,3.38
9-Jan-17,3.14
10-Jan-17,3.21
11-Jan-17,3.27
12-Jan-17,3.36
13-Jan-17,3.36
16-Jan-17,3.36
17-Jan-17,3.37
18-Jan-17,3.26
19-Jan-17,3.25
20-Jan-17,3.23
23-Jan-17,3.16
24-Jan-17,3.16
25-Jan-17,3.26
26-Jan-17,3.44
27-Jan-17,3.31
30-Jan-17,3.22
31-Jan-17,3
1-Feb-17,3.15
2-Feb-17,3.13
3-Feb-17,3.13
6-Feb-17,2.92
7-Feb-17,3.03
8-Feb-17,3.05
9-Feb-17,3.11
10-Feb-17,3.11
13-Feb-17,2.93
14-Feb-17,2.85
15-Feb-17,2.95
16-Feb-17,2.88
17-Feb-17,2.75
20-Feb-17,2.75
21-Feb-17,2.56
22-Feb-17,2.52
23-Feb-17,2.63
24-Feb-17,2.63
27-Feb-17,2.44
28-Feb-17,2.54
1-Mar-17,2.54
2-Mar-17,2.59
3-Mar-17,2.5
6-Mar-17,2.68
7-Mar-17,2.68
8-Mar-17,2.59
9-Mar-17,2.83
10-Mar-17,2.98
13-Mar-17,3.04
14-Mar-17,3.02
15-Mar-17,3.02
16-Mar-17,2.84
17-Mar-17,2.85
20-Mar-17,2.93
21-Mar-17,3.09
22-Mar-17,3.02
23-Mar-17,2.93
24-Mar-17,2.97
27-Mar-17,2.94
28-Mar-17,2.95
29-Mar-17,3.03
30-Mar-17,3.08
31-Mar-17,3.13
3-Apr-17,3.13
4-Apr-17,3.06
5-Apr-17,3.22
6-Apr-17,3.23
7-Apr-17,3.23
10-Apr-17,3.15
11-Apr-17,3.11
12-Apr-17,2.97
13-Apr-17,3
14-Apr-17,3
17-Apr-17,3.09
18-Apr-17,3.11
19-Apr-17,3.11
20-Apr-17,3.13
21-Apr-17,3.06
24-Apr-17,3.06
25-Apr-17,2.99
26-Apr-17,3.06
27-Apr-17,3.13
28-Apr-17,3.2
1-May-17,3.2
2-May-17,3.13
3-May-17,3.14
4-May-17,3.11
5-May-17,3.1
8-May-17,3.06
9-May-17,3.03
10-May-17,3.03
11-May-17,3.23
12-May-17,3.24
15-May-17,3.26
16-May-17,3.27
17-May-17,3.27
18-May-17,3.13
19-May-17,3.11
22-May-17,3.24
23-May-17,3.22
24-May-17,3.22
25-May-17,3.1
26-May-17,3.1
29-May-17,3.1
30-May-17,3.1
31-May-17,3.05
1-Jun-17,3.05
2-Jun-17,2.85
5-Jun-17,2.92
6-Jun-17,2.92
7-Jun-17,3.06
8-Jun-17,2.98
9-Jun-17,3.03
12-Jun-17,3.12
13-Jun-17,3.12
14-Jun-17,2.95
15-Jun-17,2.94
16-Jun-17,3.01
19-Jun-17,2.87
20-Jun-17,2.91
21-Jun-17,2.91
22-Jun-17,2.88
23-Jun-17,2.89
26-Jun-17,2.98
27-Jun-17,2.99
28-Jun-17,3.03
29-Jun-17,3.07
30-Jun-17,2.98
3-Jul-17,2.98
4-Jul-17,2.98
5-Jul-17,2.98
6-Jul-17,2.89
7-Jul-17,2.91
10-Jul-17,2.92
11-Jul-17,2.98
12-Jul-17,3.01
13-Jul-17,2.96
14-Jul-17,2.94
17-Jul-17,3.04
18-Jul-17,3.11
19-Jul-17,3.11
20-Jul-17,3.12
21-Jul-17,3.06
24-Jul-17,2.99
25-Jul-17,2.99
26-Jul-17,2.92
27-Jul-17,2.95
28-Jul-17,2.96
31-Jul-17,2.87
1-Aug-17,2.8
2-Aug-17,2.8
3-Aug-17,2.76
4-Aug-17,2.76
7-Aug-17,2.8
8-Aug-17,2.81
9-Aug-17,2.81
10-Aug-17,2.89
11-Aug-17,2.96
14-Aug-17,3.02
15-Aug-17,2.96
16-Aug-17,2.94
17-Aug-17,2.91
18-Aug-17,2.9
21-Aug-17,3
22-Aug-17,3
23-Aug-17,2.94
24-Aug-17,2.97
25-Aug-17,2.93
28-Aug-17,2.95
29-Aug-17,2.95
30-Aug-17,2.95
31-Aug-17,2.92
1-Sep-17,2.88
4-Sep-17,2.88
5-Sep-17,2.88
6-Sep-17,2.98
7-Sep-17,2.92
8-Sep-17,2.88
11-Sep-17,2.88
12-Sep-17,2.88
13-Sep-17,3.02
14-Sep-17,3.03
15-Sep-17,3
18-Sep-17,3.11
19-Sep-17,3.18
20-Sep-17,3.13
21-Sep-17,3.11
22-Sep-17,2.93
25-Sep-17,2.96
26-Sep-17,2.96
27-Sep-17,2.98
28-Sep-17,2.96
29-Sep-17,2.94
2-Oct-17,2.94
3-Oct-17,2.73
4-Oct-17,2.8
5-Oct-17,2.8
6-Oct-17,2.93
9-Oct-17,2.87
10-Oct-17,2.89
11-Oct-17,2.89
12-Oct-17,2.95
13-Oct-17,2.99
16-Oct-17,2.87
17-Oct-17,2.88
18-Oct-17,2.81
19-Oct-17,2.83
20-Oct-17,2.8
23-Oct-17,2.95
24-Oct-17,2.95
25-Oct-17,2.98
26-Oct-17,2.91
27-Oct-17,2.78
30-Oct-17,2.94
31-Oct-17,2.84
1-Nov-17,2.68
2-Nov-17,2.68
3-Nov-17,2.75
6-Nov-17,3.01
7-Nov-17,3.07
8-Nov-17,3.16
9-Nov-17,3.18
10-Nov-17,3.17
13-Nov-17,3.13
14-Nov-17,3.06
15-Nov-17,3.16
16-Nov-17,3.09
17-Nov-17,3.04
20-Nov-17,3.04
21-Nov-17,3.05
22-Nov-17,3.05
23-Nov-17,3.05
24-Nov-17,3.05
27-Nov-17,2.88
28-Nov-17,2.88
29-Nov-17,3.06
30-Nov-17,3.06
1-Dec-17,2.84
4-Dec-17,2.91
5-Dec-17,2.86
6-Dec-17,2.86
7-Dec-17,2.81
8-Dec-17,2.78
11-Dec-17,2.81
12-Dec-17,2.87
13-Dec-17,2.87
14-Dec-17,2.69
15-Dec-17,2.6
18-Dec-17,2.71
19-Dec-17,2.75
20-Dec-17,2.72
21-Dec-17,2.64
22-Dec-17,2.63
26-Dec-17,2.68
27-Dec-17,2.76
28-Dec-17,2.97
29-Dec-17,3.69
2-Jan-18,6.24
3-Jan-18,6.24
4-Jan-18,4.65
5-Jan-18,
8-Jan-18,2.89
9-Jan-18,2.93
10-Jan-18,3.16
11-Jan-18,3.16
12-Jan-18,4.06
16-Jan-18,5.46
17-Jan-18,3.92
18-Jan-18,3.92
19-Jan-18,3.2
22-Jan-18,3.13
23-Jan-18,3.35
24-Jan-18,3.54
25-Jan-18,3.54
26-Jan-18,3.58
29-Jan-18,3.6
30-Jan-18,3.6
31-Jan-18,3.34
1-Feb-18,3.06
2-Feb-18,2.91
5-Feb-18,2.85
6-Feb-18,2.75
7-Feb-18,2.74
8-Feb-18,2.74
9-Feb-18,2.66
12-Feb-18,2.6
13-Feb-18,2.58
14-Feb-18,2.53
15-Feb-18,2.49
16-Feb-18,2.49
20-Feb-18,2.61
21-Feb-18,2.65
22-Feb-18,2.65
23-Feb-18,2.58
26-Feb-18,2.6
27-Feb-18,2.59
28-Feb-18,2.66
1-Mar-18,2.67
2-Mar-18,2.67
5-Mar-18,2.7
6-Mar-18,2.7
7-Mar-18,2.8
8-Mar-18,2.8
9-Mar-18,2.71
12-Mar-18,2.78
13-Mar-18,2.76
14-Mar-18,2.69
15-Mar-18,2.7
16-Mar-18,2.62
19-Mar-18,2.62
20-Mar-18,2.71
21-Mar-18,2.74
22-Mar-18,2.62
23-Mar-18,2.58
26-Mar-18,2.63
27-Mar-18,2.6
28-Mar-18,2.64
29-Mar-18,2.81
2-Apr-18,2.75
3-Apr-18,2.75
4-Apr-18,2.81
5-Apr-18,2.81
6-Apr-18,2.81
9-Apr-18,2.78
10-Apr-18,2.78
11-Apr-18,2.74
12-Apr-18,2.76
13-Apr-18,2.82
16-Apr-18,2.88
17-Apr-18,2.84
18-Apr-18,2.85
19-Apr-18,2.8
20-Apr-18,2.78
23-Apr-18,2.78
24-Apr-18,2.79
25-Apr-18,2.81
26-Apr-18,2.81
27-Apr-18,2.82
30-Apr-18,2.75
1-May-18,2.75
2-May-18,2.77
3-May-18,2.75
4-May-18,2.75
7-May-18,2.74
8-May-18,2.77
9-May-18,2.75
10-May-18,2.78
11-May-18,2.75
14-May-18,2.84
15-May-18,2.83
16-May-18,2.85
17-May-18,2.75
18-May-18,2.75
21-May-18,2.77
22-May-18,2.76
23-May-18,2.89
24-May-18,2.88
25-May-18,2.88
29-May-18,2.84
30-May-18,2.83
31-May-18,2.94
1-Jun-18,2.91
4-Jun-18,2.89
5-Jun-18,2.89
6-Jun-18,2.89
7-Jun-18,3.02
8-Jun-18,2.91
11-Jun-18,3
12-Jun-18,2.98
13-Jun-18,2.98
14-Jun-18,2.99
15-Jun-18,3.02
18-Jun-18,2.99
19-Jun-18,2.95
20-Jun-18,2.96
21-Jun-18,3.08
22-Jun-18,2.95
25-Jun-18,2.96
26-Jun-18,2.98
27-Jun-18,3.01
28-Jun-18,2.99
29-Jun-18,2.96
2-Jul-18,2.9
3-Jul-18,2.9
5-Jul-18,2.91
6-Jul-18,2.91
9-Jul-18,2.9
10-Jul-18,2.9
11-Jul-18,2.89
12-Jul-18,2.89
13-Jul-18,2.86
16-Jul-18,2.76
17-Jul-18,2.81
18-Jul-18,2.8
19-Jul-18,2.75
20-Jul-18,2.79
23-Jul-18,2.79
24-Jul-18,2.73
25-Jul-18,2.82
26-Jul-18,2.82
27-Jul-18,2.78
30-Jul-18,2.75
31-Jul-18,2.82
1-Aug-18,2.8
2-Aug-18,2.77
3-Aug-18,2.86
6-Aug-18,2.85
7-Aug-18,2.95
8-Aug-18,2.99
9-Aug-18,3.02
10-Aug-18,2.96
13-Aug-18,2.92
14-Aug-18,3.02
15-Aug-18,3.02
16-Aug-18,3.02
17-Aug-18,3.01
20-Aug-18,3.04
21-Aug-18,3.01
22-Aug-18,3.02
23-Aug-18,3.01
24-Aug-18,2.99
27-Aug-18,2.98
28-Aug-18,2.98
29-Aug-18,2.96
30-Aug-18,2.96
31-Aug-18,2.98
4-Sep-18,2.96
5-Sep-18,3
6-Sep-18,2.93
7-Sep-18,2.88
10-Sep-18,2.9
11-Sep-18,2.94
12-Sep-18,2.98
13-Sep-18,2.94
14-Sep-18,2.91
17-Sep-18,2.95
18-Sep-18,3
19-Sep-18,3.11
20-Sep-18,3.07
21-Sep-18,3.02
24-Sep-18,3.04
25-Sep-18,3.12
26-Sep-18,3.1
27-Sep-18,3.05
28-Sep-18,3.01
1-Oct-18,3.13
2-Oct-18,3.14
3-Oct-18,3.26
4-Oct-18,3.39
5-Oct-18,3.25
8-Oct-18,3.28
9-Oct-18,3.4
10-Oct-18,3.45
11-Oct-18,3.16
12-Oct-18,3.19
15-Oct-18,3.26
16-Oct-18,3.27
17-Oct-18,3.3
18-Oct-18,3.28
19-Oct-18,3.2
22-Oct-18,3.2
23-Oct-18,3.28
24-Oct-18,3.42
25-Oct-18,3.42
26-Oct-18,3.27
29-Oct-18,3.2
30-Oct-18,3.27
31-Oct-18,3.31
1-Nov-18,3.36
2-Nov-18,3.26
5-Nov-18,3.53
6-Nov-18,3.53
7-Nov-18,3.54
8-Nov-18,3.54
9-Nov-18,3.74
12-Nov-18,3.96
13-Nov-18,4.1
14-Nov-18,4.1
15-Nov-18,4.69
16-Nov-18,4.3
19-Nov-18,4.65
20-Nov-18,4.65
21-Nov-18,4.7
26-Nov-18,4.28
27-Nov-18,4.28
28-Nov-18,4.5
29-Nov-18,4.5
30-Nov-18,4.61
3-Dec-18,4.4
4-Dec-18,4.4
5-Dec-18,4.69
6-Dec-18,4.44
7-Dec-18,4.51
10-Dec-18,4.54
11-Dec-18,4.53
12-Dec-18,4.53
13-Dec-18,4.31
14-Dec-18,3.99
17-Dec-18,3.8
18-Dec-18,3.8
19-Dec-18,3.64
20-Dec-18,3.7
21-Dec-18,3.7
26-Dec-18,3.42
27-Dec-18,3.1
28-Dec-18,3.25
2-Jan-19,3.25
3-Jan-19,2.72
4-Jan-19,2.8
7-Jan-19,2.74
8-Jan-19,2.89
9-Jan-19,2.92
10-Jan-19,2.95
11-Jan-19,2.95
14-Jan-19,3.36
15-Jan-19,3.54
16-Jan-19,3.58
17-Jan-19,3.58
18-Jan-19,3.43
22-Jan-19,3.43
23-Jan-19,3.13
24-Jan-19,3.13
25-Jan-19,3.07
28-Jan-19,3.05
29-Jan-19,2.94
30-Jan-19,3
31-Jan-19,2.82
1-Feb-19,2.7
4-Feb-19,2.57
5-Feb-19,2.54
6-Feb-19,2.58
7-Feb-19,2.62
8-Feb-19,2.66
11-Feb-19,2.76
12-Feb-19,2.71
13-Feb-19,2.61
14-Feb-19,2.61
15-Feb-19,2.59
19-Feb-19,2.69
20-Feb-19,2.69
21-Feb-19,2.73
22-Feb-19,2.74
25-Feb-19,2.84
26-Feb-19,2.74
27-Feb-19,2.89
28-Feb-19,2.89
1-Mar-19,3.19
4-Mar-19,4.25
5-Mar-19,3.18
6-Mar-19,3.18
7-Mar-19,2.9
8-Mar-19,2.9
11-Mar-19,2.86
12-Mar-19,2.83
13-Mar-19,2.87
14-Mar-19,2.95
15-Mar-19,2.95
18-Mar-19,2.9
19-Mar-19,2.92
20-Mar-19,2.86
21-Mar-19,2.86
22-Mar-19,2.75
25-Mar-19,2.72
26-Mar-19,2.74
27-Mar-19,2.69
28-Mar-19,2.69
29-Mar-19,2.73
1-Apr-19,2.73
2-Apr-19,2.76
3-Apr-19,2.74
4-Apr-19,2.66
5-Apr-19,2.62
8-Apr-19,2.72
9-Apr-19,2.71
10-Apr-19,2.72
11-Apr-19,2.72
12-Apr-19,2.75
15-Apr-19,2.75
16-Apr-19,2.66
17-Apr-19,2.55
18-Apr-19,2.54
22-Apr-19,2.61
23-Apr-19,2.53
24-Apr-19,2.53
25-Apr-19,2.54
26-Apr-19,2.58
29-Apr-19,2.58
30-Apr-19,2.59
1-May-19,2.59
2-May-19,2.63
3-May-19,2.59
6-May-19,2.54
7-May-19,2.54
8-May-19,2.64
9-May-19,2.62
10-May-19,2.64
13-May-19,2.71
14-May-19,2.7
15-May-19,2.69
16-May-19,2.62
17-May-19,2.61
20-May-19,2.7
21-May-19,2.73
22-May-19,2.73
23-May-19,2.56
24-May-19,2.6
28-May-19,2.65
29-May-19,2.69
30-May-19,2.69
31-May-19,2.59
3-Jun-19,2.5
4-Jun-19,2.45
5-Jun-19,2.45
6-Jun-19,2.4
7-Jun-19,2.43
10-Jun-19,2.42
11-Jun-19,2.41
12-Jun-19,2.43
13-Jun-19,2.43
14-Jun-19,2.37
17-Jun-19,2.46
18-Jun-19,2.44
19-Jun-19,2.43
20-Jun-19,2.38
21-Jun-19,2.27
24-Jun-19,2.31
25-Jun-19,2.31
26-Jun-19,2.34
27-Jun-19,2.32
28-Jun-19,2.42
1-Jul-19,2.33
2-Jul-19,2.3
3-Jul-19,2.29
8-Jul-19,2.39
9-Jul-19,2.41
10-Jul-19,2.49
11-Jul-19,2.54
12-Jul-19,2.54
15-Jul-19,2.53
16-Jul-19,2.53
17-Jul-19,2.44
18-Jul-19,2.38
19-Jul-19,2.3
22-Jul-19,2.33
23-Jul-19,2.34
24-Jul-19,2.33
25-Jul-19,2.26
26-Jul-19,2.23
29-Jul-19,2.23
30-Jul-19,2.22
31-Jul-19,2.28
1-Aug-19,2.36
2-Aug-19,2.12
5-Aug-19,2.02
6-Aug-19,2.15
7-Aug-19,2.18
8-Aug-19,2.13
9-Aug-19,2.09
12-Aug-19,2.21
13-Aug-19,2.24
14-Aug-19,2.22
15-Aug-19,2.19
16-Aug-19,2.2
19-Aug-19,2.26
20-Aug-19,2.35
21-Aug-19,2.31
22-Aug-19,2.28
23-Aug-19,2.15
26-Aug-19,2.23
27-Aug-19,2.24
28-Aug-19,2.24
29-Aug-19,2.36
30-Aug-19,2.33
3-Sep-19,2.39
4-Sep-19,2.48
5-Sep-19,2.49
6-Sep-19,2.49
9-Sep-19,2.65
10-Sep-19,2.67
11-Sep-19,2.63
12-Sep-19,2.62
13-Sep-19,2.61
16-Sep-19,2.75
17-Sep-19,2.7
18-Sep-19,2.72
19-Sep-19,2.65
20-Sep-19,2.34
23-Sep-19,2.55
24-Sep-19,2.55
25-Sep-19,2.54
26-Sep-19,2.57
27-Sep-19,2.41
30-Sep-19,2.37
1-Oct-19,2.36
2-Oct-19,2.36
3-Oct-19,2.31
4-Oct-19,2.25
7-Oct-19,2.36
8-Oct-19,2.29
9-Oct-19,2.26
10-Oct-19,2.26
11-Oct-19,2.13
14-Oct-19,2.13
15-Oct-19,2.29
16-Oct-19,2.44
17-Oct-19,2.29
18-Oct-19,2.08
21-Oct-19,2.13
22-Oct-19,2.21
23-Oct-19,2.34
24-Oct-19,2.33
25-Oct-19,2.26
28-Oct-19,2.49
29-Oct-19,2.61
30-Oct-19,2.71
31-Oct-19,2.73
1-Nov-19,2.54
4-Nov-19,2.77
5-Nov-19,2.77
6-Nov-19,2.82
7-Nov-19,2.84
8-Nov-19,2.87
12-Nov-19,2.72
13-Nov-19,2.66
14-Nov-19,2.68
15-Nov-19,2.7
18-Nov-19,2.64
19-Nov-19,2.53
20-Nov-19,2.56
21-Nov-19,2.53
22-Nov-19,2.62
25-Nov-19,2.51
26-Nov-19,2.51
27-Nov-19,2.46
29-Nov-19,2.46
2-Dec-19,2.29
3-Dec-19,2.42
4-Dec-19,2.43
5-Dec-19,2.42
6-Dec-19,2.31
9-Dec-19,2.17
10-Dec-19,2.18
11-Dec-19,2.28
12-Dec-19,2.28
13-Dec-19,2.28
16-Dec-19,2.34
17-Dec-19,2.3
18-Dec-19,2.26
19-Dec-19,2.21
20-Dec-19,2.27
23-Dec-19,2.17
24-Dec-19,2.11
26-Dec-19,2.09
27-Dec-19,1.75
30-Dec-19,2.06
31-Dec-19,2.09
2-Jan-20,2.05
3-Jan-20,2.06
6-Jan-20,2.1
7-Jan-20,2.17
8-Jan-20,2.09
9-Jan-20,2.05
10-Jan-20,2.05
13-Jan-20,2.03
14-Jan-20,2.15
15-Jan-20,2.01
16-Jan-20,2.06
17-Jan-20,2.07
21-Jan-20,1.98
22-Jan-20,1.89
23-Jan-20,1.95
24-Jan-20,1.91
27-Jan-20,2.03
28-Jan-20,1.96
29-Jan-20,1.93
30-Jan-20,1.94
31-Jan-20,1.91
3-Feb-20,1.9
4-Feb-20,1.89
5-Feb-20,1.89
6-Feb-20,1.86
7-Feb-20,1.93
10-Feb-20,1.85
11-Feb-20,1.85
12-Feb-20,1.91
13-Feb-20,1.95
14-Feb-20,1.93
18-Feb-20,2.04
19-Feb-20,2.01
20-Feb-20,1.98
21-Feb-20,1.96
24-Feb-20,1.94
25-Feb-20,1.93
26-Feb-20,1.96
27-Feb-20,1.78
28-Feb-20,1.79
2-Mar-20,1.75
3-Mar-20,1.78
4-Mar-20,1.83
5-Mar-20,1.89
6-Mar-20,1.76
9-Mar-20,1.74
10-Mar-20,1.91
11-Mar-20,1.96
12-Mar-20,1.82
13-Mar-20,1.94
16-Mar-20,1.89
17-Mar-20,1.89
18-Mar-20,1.73
19-Mar-20,1.68
20-Mar-20,1.76
23-Mar-20,1.7
24-Mar-20,1.73
25-Mar-20,1.8
26-Mar-20,1.73
27-Mar-20,1.7
30-Mar-20,1.65
31-Mar-20,1.71
1-Apr-20,1.69
2-Apr-20,1.55
3-Apr-20,1.5
6-Apr-20,1.64
7-Apr-20,1.83
8-Apr-20,1.86
9-Apr-20,1.74
13-Apr-20,1.86
14-Apr-20,1.76
15-Apr-20,1.68
16-Apr-20,1.59
17-Apr-20,1.71
20-Apr-20,1.78
21-Apr-20,1.92
22-Apr-20,1.9
23-Apr-20,1.86
24-Apr-20,1.81
27-Apr-20,1.68
28-Apr-20,1.8
29-Apr-20,1.73
30-Apr-20,1.63
1-May-20,1.69
4-May-20,1.78
5-May-20,1.93
6-May-20,1.9
7-May-20,1.84
8-May-20,1.74
11-May-20,1.7
12-May-20,1.61
13-May-20,1.56
14-May-20,1.6
15-May-20,1.66
18-May-20,1.77
19-May-20,1.85
20-May-20,1.83
21-May-20,1.75
22-May-20,1.7
26-May-20,1.79
27-May-20,1.78
28-May-20,1.79
29-May-20,1.7
1-Jun-20,1.59
2-Jun-20,1.58
3-Jun-20,1.84
4-Jun-20,1.68
5-Jun-20,1.8
8-Jun-20,1.68
9-Jun-20,1.68
10-Jun-20,1.72
11-Jun-20,1.77
12-Jun-20,1.67
15-Jun-20,1.64
16-Jun-20,1.43
17-Jun-20,1.55
18-Jun-20,1.51
19-Jun-20,1.49
22-Jun-20,1.64
23-Jun-20,1.61
24-Jun-20,1.64
25-Jun-20,1.53
26-Jun-20,1.42
29-Jun-20,1.67
30-Jun-20,1.76
1-Jul-20,1.69
6-Jul-20,1.71
7-Jul-20,1.76
8-Jul-20,1.78
9-Jul-20,1.88
10-Jul-20,1.79
13-Jul-20,1.75
14-Jul-20,1.74
15-Jul-20,1.76
16-Jul-20,1.79
17-Jul-20,1.79
20-Jul-20,1.71
21-Jul-20,1.66
22-Jul-20,1.69
23-Jul-20,1.75
24-Jul-20,1.77
27-Jul-20,1.85
28-Jul-20,1.83
29-Jul-20,1.77
30-Jul-20,1.81
31-Jul-20,1.83
3-Aug-20,1.95
4-Aug-20,2.07
5-Aug-20,2.23
6-Aug-20,2.26
7-Aug-20,2.15
10-Aug-20,2.18
11-Aug-20,2.19
12-Aug-20,2.05
13-Aug-20,2.19
14-Aug-20,2.23
17-Aug-20,2.32
18-Aug-20,2.45
19-Aug-20,2.43
20-Aug-20,2.35
21-Aug-20,2.39
24-Aug-20,2.57
25-Aug-20,2.54
26-Aug-20,2.52
27-Aug-20,2.52
28-Aug-20,2.46
31-Aug-20,2.3
1-Sep-20,2.22
2-Sep-20,2.15
3-Sep-20,2.32
4-Sep-20,1.8
8-Sep-20,2.35
9-Sep-20,2.21
10-Sep-20,2.13
11-Sep-20,1.93
14-Sep-20,2.18
15-Sep-20,2.19
16-Sep-20,2.06
17-Sep-20,1.65
18-Sep-20,1.56
21-Sep-20,1.33
22-Sep-20,1.49
23-Sep-20,1.74
24-Sep-20,1.93
25-Sep-20,1.9
28-Sep-20,1.83
29-Sep-20,1.74
30-Sep-20,1.66
1-Oct-20,1.6
2-Oct-20,1.41
5-Oct-20,1.92
6-Oct-20,1.86
7-Oct-20,2.01
8-Oct-20,1.49
9-Oct-20,2.25
12-Oct-20,2.31
13-Oct-20,2.14
14-Oct-20,2.02
15-Oct-20,2.23
16-Oct-20,2.16
19-Oct-20,2.3
20-Oct-20,2.57
21-Oct-20,2.95
22-Oct-20,2.99
23-Oct-20,2.91
26-Oct-20,3.14
27-Oct-20,3.07
28-Oct-20,3.14
29-Oct-20,3.06
30-Oct-20,3.03
2-Nov-20,3.03
3-Nov-20,2.88
4-Nov-20,2.63
5-Nov-20,2.69
6-Nov-20,2.67
9-Nov-20,2.63
10-Nov-20,2.74
11-Nov-20,2.75
12-Nov-20,2.81
13-Nov-20,2.82
16-Nov-20,2.62
17-Nov-20,2.55
18-Nov-20,2.37
19-Nov-20,2.19
20-Nov-20,2.22
23-Nov-20,2.23
24-Nov-20,2.47
25-Nov-20,2.47
30-Nov-20,2.89
1-Dec-20,2.89
2-Dec-20,2.75
3-Dec-20,2.46
4-Dec-20,2.48
7-Dec-20,2.39
8-Dec-20,2.36
9-Dec-20,2.45
10-Dec-20,2.45
11-Dec-20,2.54
14-Dec-20,2.69
15-Dec-20,2.63
16-Dec-20,2.73
17-Dec-20,2.7
18-Dec-20,2.73
21-Dec-20,2.68
22-Dec-20,2.76
23-Dec-20,2.76
24-Dec-20,2.68
28-Dec-20,2.39
29-Dec-20,2.4
30-Dec-20,2.36
4-Jan-21,2.6
5-Jan-21,2.77
6-Jan-21,2.76
7-Jan-21,2.81
8-Jan-21,2.77
11-Jan-21,2.71
12-Jan-21,2.89
13-Jan-21,2.82
14-Jan-21,2.82
15-Jan-21,2.86
19-Jan-21,2.65
20-Jan-21,2.57
21-Jan-21,2.49
22-Jan-21,2.45
25-Jan-21,2.63
26-Jan-21,2.73
27-Jan-21,2.77
28-Jan-21,2.76
29-Jan-21,2.68
1-Feb-21,2.88
2-Feb-21,3.24
3-Feb-21,3.01
4-Feb-21,2.99
5-Feb-21,3.49
8-Feb-21,3.4
9-Feb-21,3.35
10-Feb-21,3.76
11-Feb-21,6.5
12-Feb-21,6.12
16-Feb-21,11.32
17-Feb-21,23.86
18-Feb-21,8.56
19-Feb-21,4.96
22-Feb-21,3.16
23-Feb-21,2.94
24-Feb-21,2.8
25-Feb-21,2.72
26-Feb-21,2.66
1-Mar-21,2.7
2-Mar-21,2.87
3-Mar-21,2.86
4-Mar-21,2.79
5-Mar-21,2.72
8-Mar-21,2.67
9-Mar-21,2.62
10-Mar-21,2.62
11-Mar-21,2.7
12-Mar-21,2.65
15-Mar-21,2.58
16-Mar-21,2.5
17-Mar-21,2.6
18-Mar-21,2.45
19-Mar-21,2.53
22-Mar-21,2.55
23-Mar-21,2.56
24-Mar-21,2.56
25-Mar-21,2.52
26-Mar-21,2.52
29-Mar-21,2.58
30-Mar-21,2.55
31-Mar-21,2.52
1-Apr-21,2.52
5-Apr-21,2.43
6-Apr-21,2.44
7-Apr-21,2.43
8-Apr-21,2.47
9-Apr-21,2.48
12-Apr-21,2.5
13-Apr-21,2.57
14-Apr-21,2.65
15-Apr-21,2.62
16-Apr-21,2.63
19-Apr-21,2.75
20-Apr-21,2.76
21-Apr-21,2.72
22-Apr-21,2.77
23-Apr-21,2.79
26-Apr-21,2.73
27-Apr-21,2.91
28-Apr-21,2.98
29-Apr-21,2.91
30-Apr-21,2.86
3-May-21,2.96
4-May-21,3
5-May-21,2.99
6-May-21,2.9
7-May-21,2.9
10-May-21,2.93
11-May-21,2.91
12-May-21,2.91
13-May-21,2.95
14-May-21,2.95
17-May-21,2.99
18-May-21,2.96
19-May-21,2.88
20-May-21,2.86
21-May-21,2.84
24-May-21,2.78
25-May-21,2.87
26-May-21,2.91
27-May-21,2.85
28-May-21,2.91
1-Jun-21,3.02
2-Jun-21,3.09
3-Jun-21,3.01
4-Jun-21,3.01
7-Jun-21,2.98
8-Jun-21,3.11
9-Jun-21,3.13
10-Jun-21,3.13
11-Jun-21,3.23
14-Jun-21,3.36
15-Jun-21,3.31
16-Jun-21,3.25
17-Jun-21,3.24
18-Jun-21,3.23
21-Jun-21,3.15
22-Jun-21,3.21
23-Jun-21,3.36
24-Jun-21,3.3
25-Jun-21,3.4
28-Jun-21,3.62
29-Jun-21,3.75
30-Jun-21,3.79
1-Jul-21,3.76
2-Jul-21,3.67
6-Jul-21,3.68
7-Jul-21,3.66
8-Jul-21,3.56
9-Jul-21,3.71
12-Jul-21,3.7
13-Jul-21,3.78
14-Jul-21,3.8
15-Jul-21,3.68
16-Jul-21,3.7
19-Jul-21,3.75
20-Jul-21,3.82
21-Jul-21,3.94
22-Jul-21,4.02
23-Jul-21,4.11
26-Jul-21,4.09
27-Jul-21,4.15
28-Jul-21,4.1
29-Jul-21,4.03
30-Jul-21,3.94
2-Aug-21,4.02
3-Aug-21,4.06
4-Aug-21,4.2
5-Aug-21,4.27
6-Aug-21,4.21
9-Aug-21,4.24
10-Aug-21,4.12
11-Aug-21,4.07
12-Aug-21,4.1
13-Aug-21,3.95
16-Aug-21,3.93
17-Aug-21,3.92
18-Aug-21,3.86
19-Aug-21,3.83
20-Aug-21,3.94
23-Aug-21,3.93
24-Aug-21,3.95
25-Aug-21,4.03
26-Aug-21,4.07
27-Aug-21,4.35
30-Aug-21,4.25
31-Aug-21,4.33
1-Sep-21,4.45
2-Sep-21,4.65
3-Sep-21,4.77
7-Sep-21,4.71
8-Sep-21,4.66
9-Sep-21,4.97
10-Sep-21,5.13
13-Sep-21,5.21
14-Sep-21,5.39
15-Sep-21,5.66
16-Sep-21,5.52
17-Sep-21,5.32
20-Sep-21,5.25
21-Sep-21,4.96
22-Sep-21,4.92
23-Sep-21,4.94
24-Sep-21,5.1
27-Sep-21,5.53
28-Sep-21,5.94
29-Sep-21,5.73
30-Sep-21,5.58
1-Oct-21,5.61
4-Oct-21,5.8
5-Oct-21,6.37
6-Oct-21,6
7-Oct-21,5.71
8-Oct-21,5.46
11-Oct-21,5.46
12-Oct-21,5.34
13-Oct-21,5.56
14-Oct-21,5.92
15-Oct-21,5.44
18-Oct-21,5.01
19-Oct-21,4.81
20-Oct-21,4.87
21-Oct-21,4.94
22-Oct-21,5.1
25-Oct-21,5.72
26-Oct-21,5.59
27-Oct-21,5.91
28-Oct-21,5.68
29-Oct-21,5.49
1-Nov-21,5.22
2-Nov-21,5.33
3-Nov-21,5.59
4-Nov-21,5.73
5-Nov-21,5.51
8-Nov-21,5.53
9-Nov-21,5.08
10-Nov-21,4.56
11-Nov-21,4.81
12-Nov-21,4.97
15-Nov-21,4.77
16-Nov-21,5.11
17-Nov-21,4.82
18-Nov-21,4.95
19-Nov-21,4.9
22-Nov-21,4.83
23-Nov-21,4.95
24-Nov-21,4.93
29-Nov-21,4.9
30-Nov-21,4.52
1-Dec-21,4.31
2-Dec-21,4.08
3-Dec-21,3.79
6-Dec-21,3.66
7-Dec-21,3.6
8-Dec-21,3.79
9-Dec-21,3.67
10-Dec-21,3.65
13-Dec-21,4.05
14-Dec-21,3.71
15-Dec-21,3.79
16-Dec-21,3.67
17-Dec-21,3.71
20-Dec-21,3.91
21-Dec-21,3.96
22-Dec-21,3.95
23-Dec-21,3.56
27-Dec-21,3.45
28-Dec-21,3.32
29-Dec-21,3.4
30-Dec-21,3.82
31-Dec-21,3.82
3-Jan-22,3.74
4-Jan-22,3.73
5-Jan-22,3.78
6-Jan-22,3.94
7-Jan-22,3.83
10-Jan-22,4.16
11-Jan-22,4.16
12-Jan-22,4.62
13-Jan-22,4.78
14-Jan-22,4.37
18-Jan-22,4.55
19-Jan-22,4.89
20-Jan-22,4.45
21-Jan-22,4.11
24-Jan-22,4.2
25-Jan-22,4.24
26-Jan-22,4.43
27-Jan-22,4.43
28-Jan-22,5.69
31-Jan-22,5.56
1-Feb-22,5.45
2-Feb-22,6.7
3-Feb-22,5.84
4-Feb-22,5.34
7-Feb-22,4.44
8-Feb-22,4.3
9-Feb-22,4.13
10-Feb-22,4.03
11-Feb-22,4.04
14-Feb-22,4.05
15-Feb-22,4.31
16-Feb-22,4.39
17-Feb-22,4.57
18-Feb-22,4.61
22-Feb-22,4.48
23-Feb-22,4.59
24-Feb-22,4.78
25-Feb-22,4.63
28-Feb-22,4.46
1-Mar-22,4.36
2-Mar-22,4.65
3-Mar-22,4.63
4-Mar-22,4.74
7-Mar-22,4.93
8-Mar-22,4.61
9-Mar-22,4.55
10-Mar-22,4.65
11-Mar-22,4.79
14-Mar-22,4.59
15-Mar-22,4.46
16-Mar-22,4.68
17-Mar-22,4.8
18-Mar-22,4.87
21-Mar-22,4.77
22-Mar-22,5
23-Mar-22,5.26
24-Mar-22,5.19
25-Mar-22,5.51
28-Mar-22,5.52
29-Mar-22,5.32
30-Mar-22,5.32
31-Mar-22,5.46
1-Apr-22,5.43
4-Apr-22,5.72
5-Apr-22,5.95
6-Apr-22,6.29
7-Apr-22,6.05
8-Apr-22,6.38
11-Apr-22,6.35
12-Apr-22,6.59
13-Apr-22,6.68
14-Apr-22,6.94
18-Apr-22,7.48
19-Apr-22,7.44
20-Apr-22,7.12
21-Apr-22,6.88
22-Apr-22,6.59
25-Apr-22,6.42
26-Apr-22,6.89
27-Apr-22,6.91
28-Apr-22,6.97
29-Apr-22,6.84
2-May-22,7.3
3-May-22,7.84